Customer ID,MonetaryValue,Frequency,Recency,Cluster
12346.0,169.36,2,165,0
12347.0,1323.32,2,3,3
12348.0,221.16,1,74,1
12349.0,2221.14,2,43,3
12351.0,300.93,1,11,1
12352.0,343.8,2,11,1
12353.0,317.76,1,44,1
12355.0,488.21000000000004,1,203,0
12356.0,3124.3,3,16,2
12358.0,2519.01,3,11,3
12359.0,2563.36,6,61,2
12360.0,1310.83,3,28,3
12361.0,276.35,3,98,1
12366.0,500.24,1,269,0
12368.0,917.6999999999999,1,264,0
12369.0,1511.15,3,49,3
12370.0,534.62,3,260,0
12371.0,1819.42,3,45,3
12373.0,603.0500000000001,2,260,0
12374.0,2046.29,2,57,3
12376.0,383.15,2,25,1
12377.0,1718.2,2,17,3
12378.0,1407.7,1,198,0
12379.0,692.98,2,58,1
12385.0,1668.4,1,15,3
12386.0,258.9,1,2,1
12387.0,143.94,1,51,1
12388.0,1120.45,2,81,3
12389.0,1433.33,3,38,3
12391.0,2285.18,5,100,2
12392.0,234.75000000000003,1,227,0
12393.0,816.85,2,18,1
12395.0,1868.64,4,7,3
12396.0,931.43,1,310,0
12399.0,808.65,3,21,3
12400.0,205.25,1,50,1
12402.0,941.3,5,28,3
12403.0,555.6600000000001,1,157,0
12406.0,2975.06,3,35,2
12408.0,1287.22,3,21,3
12410.0,240.38,1,138,1
12411.0,346.9,1,45,1
12412.0,1262.05,3,38,3
12413.0,185.35,1,38,1
12414.0,90.0,1,99,1
12416.0,202.56,1,292,0
12417.0,2772.31,11,46,2
12418.0,1352.62,3,49,3
12419.0,391.01,2,21,1
12421.0,235.56,2,51,1
12422.0,2955.79,9,30,2
12423.0,667.08,2,23,1
12424.0,1579.07,2,58,3
12425.0,964.21,1,84,1
12426.0,690.48,1,298,0
12427.0,249.5,1,7,1
12429.0,3591.51,5,1,2
12434.0,297.29,1,17,1
12439.0,1142.88,2,318,0
12440.0,739.2,2,98,1
12441.0,155.55,1,2,1
12443.0,365.31,1,368,0
12445.0,301.58000000000004,1,56,1
12449.0,678.6,1,74,1
12450.0,490.32,3,35,1
12451.0,3634.36,3,99,2
12455.0,3383.09,4,81,2
12457.0,512.68,1,71,1
12458.0,715.09,2,63,1
12459.0,398.36,1,241,0
12460.0,296.65,1,92,1
12467.0,132.8,1,59,1
12468.0,2581.2,3,162,3
12469.0,3070.54,2,158,3
12470.0,211.95,1,325,0
12475.0,396.26,1,45,1
12480.0,1949.22,3,35,3
12483.0,2158.2000000000003,11,14,2
12484.0,1617.78,5,119,3
12485.0,708.1,1,165,0
12486.0,917.28,1,67,1
12487.0,285.29999999999995,1,366,0
12492.0,380.0,1,39,1
12494.0,518.77,3,1,1
12495.0,277.4,1,276,0
12496.0,45.34,2,256,0
12499.0,357.72,1,196,0
12500.0,1499.39,7,71,2
12503.0,896.0,1,220,0
12504.0,261.0,2,53,1
12505.0,787.2,1,44,1
12507.0,455.25,1,220,0
12510.0,2224.46,5,95,2
12511.0,3084.02,1,64,3
12514.0,580.08,1,277,0
12516.0,1102.56,2,66,1
12519.0,349.7,1,112,1
12525.0,883.73,3,134,3
12527.0,386.8,2,130,1
12529.0,316.48,1,164,0
12530.0,1880.98,5,51,3
12531.0,1645.98,1,322,0
12533.0,1223.89,2,263,0
12537.0,612.94,1,44,1
12538.0,276.5,1,14,1
12542.0,481.88,2,120,1
12543.0,840.25,1,84,1
12547.0,147.78,1,136,1
12549.0,1570.68,5,211,3
12553.0,826.47,2,21,1
12554.0,384.5,1,84,1
12562.0,1041.18,2,21,1
12563.0,221.24,1,44,1
12568.0,52.0,1,280,0
12573.0,556.87,4,17,3
12575.0,568.8199999999999,2,93,1
12576.0,746.89,3,28,1
12577.0,990.5,5,17,3
12578.0,1623.94,2,21,3
12580.0,583.1999999999999,1,212,0
12582.0,1469.04,2,58,3
12586.0,1865.73,3,10,3
12588.0,543.88,2,35,1
12589.0,2720.23,4,57,2
12591.0,746.1,2,26,1
12592.0,1322.04,2,155,3
12594.0,1681.89,5,14,3
12595.0,281.02,1,140,1
12598.0,1385.01,3,99,3
12599.0,1138.14,6,17,3
12600.0,2133.31,11,7,2
12601.0,86.2,1,40,1
12605.0,1124.95,3,12,3
12608.0,415.79,1,40,1
12609.0,2057.01,6,10,2
12613.0,3184.9900000000002,5,24,2
12615.0,3269.79,4,49,2
12616.0,381.8,1,24,1
12619.0,140.14,1,196,0
12623.0,3046.7400000000002,6,52,2
12625.0,2265.06,2,145,3
12629.0,1198.22,2,21,3
12631.0,2841.07,5,92,2
12632.0,714.88,2,156,0
12633.0,3226.18,3,18,2
12634.0,360.0,1,184,0
12635.0,1115.23,2,28,3
12637.0,2280.91,4,14,3
12638.0,169.8,1,275,0
12639.0,706.27,2,70,1
12644.0,1422.58,3,66,3
12645.0,1584.1200000000001,4,45,3
12648.0,738.95,3,73,1
12649.0,1527.1399999999999,5,18,3
12651.0,263.75,3,14,1
12652.0,97.05000000000001,1,70,1
12653.0,1950.98,1,162,3
12655.0,243.35000000000002,1,59,1
12656.0,2104.66,3,61,3
12661.0,162.0,1,72,1
12662.0,2830.2400000000002,10,9,2
12663.0,185.4,2,260,0
12664.0,1028.16,2,150,1
12665.0,214.6,2,53,1
12666.0,1248.42,1,30,1
12670.0,692.24,2,21,1
12671.0,2622.481,1,242,0
12672.0,181.15,1,231,0
12673.0,565.5,1,37,1
12675.0,873.25,2,189,0
12676.0,1241.7,4,44,3
12677.0,359.1,2,191,0
12686.0,71.14,1,7,1
12687.0,1858.91,1,116,3
12691.0,116.6,1,56,1
12692.0,110.95,1,273,0
12693.0,703.11,3,32,1
12694.0,901.68,1,57,1
12695.0,789.02,3,164,0
12696.0,731.91,2,70,1
12698.0,285.75,1,226,0
12699.0,566.11,1,53,1
12701.0,1522.7,4,165,3
12703.0,632.98,3,269,0
12708.0,2295.19,9,4,2
12711.0,1213.05,2,247,0
12712.0,2473.53,10,1,2
12717.0,227.93,1,226,0
12720.0,2190.94,5,5,2
12721.0,1248.95,2,21,3
12724.0,1160.11,3,19,3
12725.0,1906.76,3,7,3
12726.0,1279.5,4,23,3
12727.0,1464.8300000000002,3,78,3
12728.0,197.84,1,19,1
12730.0,703.25,1,157,0
12733.0,2040.07,3,25,3
12734.0,493.25,2,10,1
12738.0,137.35,1,8,1
12739.0,1445.69,1,30,3
12741.0,236.07,1,169,0
12742.0,1201.52,1,261,0
12745.0,723.85,2,122,1
12746.0,254.55,1,176,0
12749.0,2806.48,4,35,2
12751.0,268.27,1,80,1
12759.0,3207.3,5,22,2
12760.0,317.8,1,91,1
12761.0,712.95,1,100,1
12763.0,320.08,1,5,1
12765.0,1299.58,6,108,3
12766.0,2658.65,3,2,3
12767.0,949.82,1,11,1
12768.0,168.69000000000003,1,86,1
12770.0,1895.0,1,92,3
12771.0,226.3,1,121,1
12773.0,124.25,1,200,0
12774.0,83.7,1,171,0
12775.0,270.08,2,24,1
12776.0,27.5,1,303,0
12777.0,519.45,1,93,1
12778.0,848.45,3,32,3
12779.0,2740.91,7,7,2
12780.0,322.4,1,234,0
12782.0,1923.32,6,10,2
12784.0,1034.33,1,165,0
12785.0,648.45,2,171,0
12786.0,668.5,1,245,0
12787.0,380.52,1,49,1
12788.0,384.9,4,99,1
12789.0,148.5,2,148,1
12790.0,251.92999999999998,1,46,1
12791.0,656.83,5,9,3
12792.0,370.47,1,170,0
12793.0,387.85,2,7,1
12796.0,351.0,1,264,0
12797.0,468.08000000000004,2,1,1
12798.0,1533.8899999999999,1,57,3
12799.0,219.35,1,165,0
12800.0,500.25,2,106,1
12801.0,871.82,1,136,1
12802.0,1788.84,4,80,3
12803.0,1017.81,1,29,1
12804.0,325.37,2,101,1
12805.0,1230.95,4,17,3
12806.0,2558.96,2,208,3
12807.0,250.35,1,19,1
12808.0,394.45,3,4,1
12809.0,979.03,2,201,0
12810.0,534.99,2,170,0
12811.0,435.05,2,14,1
12813.0,1621.8,3,137,3
12817.0,444.94,2,35,1
12819.0,540.52,1,94,1
12820.0,1747.18,7,33,2
12821.0,128.07999999999998,1,247,0
12825.0,518.63,2,157,0
12826.0,1481.03,6,1,3
12829.0,92.30000000000001,1,186,0
12831.0,236.06,2,99,1
12837.0,528.5600000000001,1,205,0
12838.0,2694.75,9,9,2
12840.0,1315.2,3,73,3
12842.0,799.0,2,40,1
12844.0,322.64,2,78,1
12847.0,765.36,1,23,1
12848.0,208.0,1,311,0
12849.0,2023.33,4,17,3
12850.0,330.0,1,81,1
12851.0,148.95,1,113,1
12853.0,1950.4,5,63,3
12854.0,1654.72,4,197,3
12855.0,612.84,4,8,3
12857.0,2581.6,4,72,2
12858.0,147.27,1,19,1
12859.0,575.1,1,94,1
12860.0,54.22,1,329,0
12861.0,68.25,1,255,0
12862.0,984.62,2,61,1
12863.0,2271.35,5,15,2
12864.0,152.45,1,144,1
12865.0,1755.24,2,14,3
12866.0,593.23,2,110,1
12868.0,640.0,3,9,1
12869.0,337.66999999999996,1,317,0
12870.0,1676.95,3,11,3
12871.0,363.38,1,75,1
12872.0,3062.52,11,1,2
12873.0,1653.3,2,33,3
12874.0,873.42,2,21,1
12875.0,1013.76,3,107,3
12876.0,1698.77,2,30,3
12877.0,1406.3700000000001,8,37,2
12880.0,640.13,2,17,1
12887.0,222.4,1,19,1
12889.0,385.46000000000004,4,17,1
12890.0,329.3,1,23,1
12891.0,509.5,8,94,3
12892.0,263.38,1,32,1
12894.0,157.35,1,211,0
12897.0,297.75,2,17,1
12898.0,296.21000000000004,2,99,1
12899.0,366.4,1,49,1
12900.0,340.33,1,58,1
12903.0,833.53,1,64,1
12905.0,1018.42,2,212,0
12907.0,508.91,2,31,1
12908.0,1026.0,3,16,3
12909.0,924.52,3,60,3
12910.0,2721.48,5,15,2
12911.0,1651.72,1,187,0
12914.0,223.98,1,36,1
12915.0,811.1,3,8,3
12916.0,1534.78,3,78,3
12917.0,3765.2,5,36,2
12920.0,323.86,3,207,0
12923.0,597.6,2,26,1
12924.0,1535.7,8,29,2
12925.0,35.28,1,228,0
12926.0,1523.59,4,47,3
12927.0,197.31,1,30,1
12928.0,2242.19,7,14,2
12932.0,1698.56,8,175,2
12933.0,1029.1,5,16,3
12934.0,181.65,1,372,0
12935.0,2083.16,8,11,2
12937.0,1593.34,5,99,3
12941.0,377.49,1,360,0
12942.0,258.75,1,1,1
12943.0,496.5,2,194,0
12945.0,437.16,1,292,0
12946.0,324.45,1,72,1
12947.0,304.04,1,9,1
12948.0,252.48000000000002,2,366,0
12951.0,2149.65,9,22,2
12953.0,498.96000000000004,1,158,0
12954.0,162.45,1,274,0
12956.0,413.82,3,320,0
12958.0,467.34,2,36,1
12959.0,150.95,1,120,1
12960.0,1322.07,4,49,3
12961.0,211.99,1,15,1
12963.0,1744.96,5,1,3
12964.0,132.24,1,73,1
12967.0,2646.02,2,7,3
12969.0,122.45,1,238,0
12970.0,1047.07,6,16,3
12972.0,1161.2,4,49,3
12973.0,385.55,1,49,1
12974.0,264.15,1,201,0
12975.0,2100.09,6,72,2
12976.0,2417.7799999999997,7,14,2
12977.0,474.64,3,137,1
12978.0,2502.82,5,21,2
12979.0,517.7,1,365,0
12982.0,2354.27,7,30,2
12983.0,490.08000000000004,1,234,0
12986.0,2729.84,10,64,2
12987.0,753.51,3,56,1
12990.0,546.0,4,53,3
12991.0,261.06,1,25,1
12992.0,93.35000000000001,1,361,0
12993.0,844.87,4,81,3
12996.0,355.5,1,11,1
12997.0,884.02,4,30,3
12998.0,920.08,3,128,3
13000.0,497.65000000000003,1,361,0
13002.0,293.18,2,52,1
13005.0,485.98,2,67,1
13007.0,175.25,1,215,0
13008.0,382.66,2,33,1
13009.0,234.0,1,308,0
13010.0,330.12,2,10,1
13011.0,50.550000000000004,1,8,1
13012.0,1310.99,3,65,3
13014.0,1914.8,1,68,3
13015.0,3240.14,6,74,2
13018.0,2485.46,7,49,2
13019.0,1229.95,6,15,3
13020.0,618.96,2,198,0
13021.0,2270.86,8,10,2
13022.0,50.3,1,65,1
13023.0,651.13,1,164,0
13024.0,555.87,2,106,1
13025.0,323.39,1,367,0
13026.0,757.72,4,124,3
13029.0,679.8,2,10,1
13030.0,402.36,1,4,1
13031.0,3292.84,5,43,2
13032.0,1805.78,7,28,2
13033.0,30.0,1,65,1
13034.0,279.91,2,5,1
13035.0,442.32,1,67,1
13036.0,307.1,1,320,0
13037.0,3033.88,9,35,2
13039.0,1010.73,4,220,0
13041.0,799.13,4,86,3
13042.0,1488.59,3,234,0
13045.0,503.64,2,37,1
13046.0,319.94,1,92,1
13048.0,2229.72,5,72,2
13049.0,751.5600000000001,2,25,1
13051.0,155.8,2,214,0
13052.0,2770.33,6,56,2
13053.0,127.65,1,257,0
13055.0,1106.7,1,65,1
13056.0,209.48,1,187,0
13057.0,709.59,3,166,0
13059.0,2108.37,9,49,2
13063.0,188.4,1,116,1
13064.0,561.25,2,186,0
13065.0,1055.05,5,9,3
13067.0,393.05,2,45,1
13070.0,522.9,3,95,1
13071.0,129.22,1,248,0
13073.0,418.08,2,47,1
13074.0,1378.74,4,147,3
13076.0,135.4,1,93,1
13077.0,2326.35,8,2,2
13079.0,199.08,1,53,1
13080.0,222.65,3,37,1
13083.0,91.67999999999999,1,61,1
13084.0,122.39999999999999,1,127,1
13085.0,2017.2,6,315,0
13086.0,439.33000000000004,1,18,1
13087.0,313.64,1,362,0
13088.0,236.11,1,53,1
13091.0,762.98,1,365,0
13092.0,1662.45,7,50,2
13094.0,505.8,2,4,1
13096.0,419.70000000000005,1,30,1
13101.0,594.21,3,134,1
13103.0,465.70000000000005,2,73,1
13104.0,610.62,3,51,1
13105.0,72.0,1,72,1
13106.0,526.96,1,49,1
13107.0,3721.45,5,49,2
13108.0,748.46,2,8,1
13109.0,347.49,1,187,0
13110.0,1468.8000000000002,5,73,3
13111.0,321.88000000000005,1,354,0
13112.0,20.6,1,177,0
13114.0,234.38,1,366,0
13115.0,3199.92,6,15,2
13118.0,1217.6,4,12,3
13119.0,134.9,1,304,0
13123.0,506.75,2,108,1
13124.0,885.33,1,21,1
13125.0,148.62,1,159,0
13126.0,1898.6100000000001,7,2,2
13128.0,263.5,1,267,0
13129.0,233.25,2,88,1
13131.0,2240.47,4,54,3
13133.0,90.65,1,95,1
13134.0,681.65,2,38,1
13135.0,275.45,1,127,1
13136.0,3666.9500000000003,8,11,2
13138.0,504.85,2,8,1
13139.0,3138.04,1,73,3
13140.0,790.71,3,2,3
13143.0,405.1,1,220,0
13144.0,24.4,1,67,1
13145.0,805.0,4,8,3
13150.0,449.96999999999997,3,120,1
13151.0,1196.84,2,261,0
13152.0,2146.38,7,53,2
13154.0,1624.84,3,35,3
13155.0,778.42,3,4,3
13156.0,1586.54,3,21,3
13158.0,307.12,1,24,1
13161.0,359.38,1,136,1
13163.0,17.65,1,246,0
13164.0,372.2,2,205,0
13165.0,429.68,1,49,1
13166.0,458.73,1,50,1
13167.0,333.82,1,26,1
13168.0,541.14,1,178,0
13169.0,127.2,1,198,0
13172.0,69.6,1,36,1
13173.0,2202.11,10,3,2
13175.0,831.45,2,218,0
13177.0,229.75,1,66,1
13179.0,572.3100000000001,1,254,0
13180.0,86.10000000000001,1,243,0
13181.0,359.69,1,17,1
13183.0,3078.4,6,30,2
13187.0,92.34,3,260,0
13190.0,570.66,3,180,0
13191.0,159.21,1,294,0
13192.0,1646.6399999999999,4,171,3
13194.0,412.08,1,57,1
13195.0,136.73,1,50,1
13196.0,1271.06,3,79,3
13197.0,373.01000000000005,1,245,0
13198.0,1572.99,2,23,3
13201.0,1233.06,4,138,3
13202.0,1580.3,7,30,2
13203.0,1778.79,6,22,2
13204.0,966.6600000000001,1,367,0
13205.0,2803.2,1,79,3
13207.0,285.6,2,87,1
13208.0,758.65,3,85,1
13209.0,2617.9,5,150,2
13211.0,1523.35,7,17,2
13213.0,2330.94,6,19,2
13214.0,3264.23,7,53,2
13215.0,81.6,1,38,1
13217.0,132.5,1,291,0
13219.0,76.23,1,254,0
13220.0,516.8,1,211,0
13222.0,88.5,1,213,0
13223.0,805.9200000000001,4,59,3
13226.0,204.25,1,29,1
13233.0,571.34,2,56,1
13234.0,346.5,2,308,0
13237.0,643.0,1,23,1
13238.0,305.9,2,66,1
13239.0,1265.1299999999999,4,73,3
13240.0,1030.76,5,1,3
13241.0,112.53,1,47,1
13242.0,429.0,4,87,1
13243.0,635.26,4,85,3
13245.0,558.72,1,68,1
13246.0,1390.23,5,29,3
13249.0,897.52,6,37,3
13250.0,253.09,2,96,1
13251.0,252.68,1,38,1
13252.0,399.3,2,30,1
13253.0,1920.71,2,66,3
13254.0,51.410000000000004,1,12,1
13255.0,504.95,2,9,1
13257.0,149.75,1,72,1
13258.0,336.59999999999997,2,15,1
13259.0,1115.61,8,33,2
13262.0,373.16,2,25,1
13263.0,1239.27,4,29,3
13264.0,722.5600000000001,1,78,1
13266.0,2300.78,7,49,2
13270.0,590.0,1,2,1
13274.0,360.85,1,45,1
13275.0,238.86,2,19,1
13276.0,1300.98,3,33,3
13277.0,264.9,3,16,1
13278.0,882.62,3,35,3
13280.0,1494.87,4,15,3
13281.0,350.85,1,75,1
13282.0,181.05,1,42,1
13283.0,279.7,2,203,0
13285.0,655.47,2,236,0
13286.0,734.91,1,236,0
13287.0,781.59,3,239,0
13288.0,927.61,5,79,3
13289.0,307.95,1,359,0
13291.0,2909.68,10,50,2
13292.0,415.57,3,51,1
13293.0,1192.94,6,28,3
13294.0,815.79,1,282,0
13295.0,900.77,3,12,3
13296.0,705.11,5,59,3
13297.0,2278.77,3,21,3
13299.0,1076.2,2,59,1
13300.0,913.62,2,24,1
13302.0,95.45,1,162,0
13303.0,61.72,1,36,1
13304.0,917.57,3,91,3
13305.0,1751.75,7,8,2
13306.0,53.65,1,66,1
13307.0,258.34,2,123,1
13308.0,284.86,1,232,0
13309.0,249.58,1,28,1
13310.0,409.17,2,16,1
13312.0,124.75,1,87,1
13313.0,1890.0,7,115,2
13315.0,310.26,1,325,0
13320.0,679.4,2,70,1
13324.0,3391.52,8,64,2
13326.0,281.76,1,68,1
13330.0,1655.17,3,91,3
13331.0,262.4,1,37,1
13333.0,1015.74,3,47,3
13334.0,2699.48,2,172,3
13337.0,1575.26,1,182,0
13338.0,1908.6,3,177,3
13346.0,299.4,6,98,3
13357.0,3185.61,4,130,2
13359.0,553.75,1,39,1
13360.0,1503.65,4,67,3
13361.0,1450.5,2,108,3
13362.0,2303.33,3,14,3
13363.0,731.36,1,45,1
13367.0,460.20000000000005,1,67,1
13368.0,448.1,2,50,1
13369.0,258.28000000000003,1,1,1
13370.0,754.87,1,7,1
13371.0,2297.66,2,141,3
13374.0,372.8,2,50,1
13375.0,1013.58,1,80,1
13377.0,1452.88,2,32,3
13380.0,62.4,1,68,1
13382.0,1164.59,4,64,3
13383.0,305.28000000000003,1,179,0
13384.0,2528.9,4,26,2
13386.0,835.46,2,50,1
13387.0,181.84,1,53,1
13388.0,508.55,1,239,0
13392.0,91.14,1,313,0
13393.0,1131.45,4,219,0
13395.0,872.51,2,36,1
13397.0,1647.74,5,73,3
13398.0,213.0,1,84,1
13399.0,275.4,3,100,1
13400.0,310.83,1,218,0
13402.0,913.9000000000001,3,8,3
13403.0,154.5,2,23,1
13405.0,641.36,3,117,1
13406.0,568.92,2,63,1
13407.0,2244.7,3,214,3
13410.0,1198.9,4,29,3
13412.0,487.34999999999997,1,256,0
13413.0,429.44,6,275,0
13414.0,1103.64,3,99,3
13415.0,784.17,4,108,3
13416.0,228.3,1,372,0
13417.0,1028.66,4,183,3
13421.0,2225.04,6,42,2
13423.0,217.03,1,64,1
13424.0,572.77,1,85,1
13425.0,1766.22,2,144,3
13427.0,423.93,3,113,1
13428.0,276.76,2,150,1
13431.0,2047.14,6,42,2
13432.0,436.55,2,207,0
13433.0,658.3199999999999,4,137,3
13434.0,1132.6200000000001,3,21,3
13435.0,637.44,2,12,1
13438.0,46.5,1,183,0
13439.0,702.9,2,24,1
13440.0,1295.25,7,59,3
13441.0,424.26,1,67,1
13442.0,419.87,3,303,0
13443.0,1269.3700000000001,6,84,3
13444.0,619.08,2,10,1
13445.0,241.89999999999998,1,262,0
13450.0,2076.32,7,10,2
13452.0,139.8,1,108,1
13453.0,424.71,1,38,1
13454.0,219.87,1,277,0
13455.0,1847.59,5,2,3
13457.0,148.22,2,324,0
13458.0,2312.7,2,15,3
13459.0,1160.4099999999999,2,260,0
13461.0,2715.0,3,43,3
13462.0,1002.35,4,46,3
13464.0,2422.96,5,30,2
13465.0,931.12,2,82,1
13466.0,705.45,4,44,3
13469.0,82.4,1,289,0
13472.0,592.24,2,99,1
13473.0,2235.12,6,210,2
13474.0,419.75,2,79,1
13476.0,823.0,3,42,3
13477.0,1364.59,5,91,3
13478.0,2215.78,5,105,2
13479.0,550.42,2,88,1
13480.0,627.82,2,52,1
13481.0,2026.28,6,10,2
13482.0,151.45,1,263,0
13484.0,476.92,2,19,1
13485.0,2560.98,10,12,2
13487.0,271.47,2,141,1
13490.0,154.25,1,290,0
13495.0,3329.39,6,4,2
13497.0,972.28,5,4,3
13498.0,327.38,1,366,0
13500.0,299.53,1,37,1
13501.0,1544.79,2,122,3
13502.0,488.5,2,51,1
13503.0,1561.19,4,115,3
13506.0,1180.68,4,5,3
13508.0,176.07999999999998,1,278,0
13509.0,135.0,1,143,1
13510.0,2766.73,7,11,2
13511.0,282.76,1,312,0
13512.0,462.18,3,23,1
13513.0,619.49,2,77,1
13514.0,663.7,3,64,1
13515.0,374.7,2,85,1
13516.0,295.85,1,53,1
13519.0,220.46,1,78,1
13520.0,2685.05,6,7,2
13523.0,1136.64,2,2,3
13526.0,1182.0,2,374,0
13527.0,2298.93,5,54,2
13530.0,402.97999999999996,1,270,0
13531.0,1254.72,5,2,3
13534.0,1850.82,10,15,2
13535.0,89.5,1,38,1
13537.0,717.85,2,61,1
13538.0,1822.28,5,32,3
13539.0,938.02,4,56,3
13540.0,632.39,3,103,1
13541.0,785.25,2,63,1
13543.0,1439.6100000000001,2,270,0
13544.0,514.14,4,47,3
13545.0,364.93,2,26,1
13546.0,465.15,2,18,1
13547.0,164.53,1,44,1
13548.0,223.28,1,107,1
13549.0,87.6,1,23,1
13550.0,342.55,1,19,1
13551.0,152.39999999999998,1,302,0
13552.0,3208.85,10,64,2
13553.0,499.6,1,310,0
13554.0,1629.35,7,16,2
13556.0,200.82,2,65,1
13557.0,2448.2,11,51,2
13559.0,990.0,2,148,1
13561.0,1661.54,10,33,2
13562.0,3038.85,5,37,2
13565.0,174.57999999999998,1,47,1
13566.0,827.91,3,70,3
13567.0,1079.29,4,64,3
13569.0,497.74,3,3,1
13573.0,612.82,4,15,3
13574.0,404.45,1,47,1
13577.0,1796.68,7,18,2
13578.0,147.66,1,45,1
13579.0,1072.0,4,5,3
13580.0,107.75,1,42,1
13581.0,162.53,1,50,1
13582.0,241.68,2,25,1
13583.0,664.001,1,315,0
13584.0,243.3,2,134,1
13585.0,684.54,3,166,0
13586.0,127.28,1,177,0
13587.0,961.1,3,85,3
13589.0,741.09,4,85,3
13591.0,976.8100000000001,4,71,3
13593.0,3481.41,9,23,2
13594.0,136.35000000000002,1,121,1
13595.0,784.48,3,152,1
13597.0,396.71,2,36,1
13598.0,601.92,4,131,3
13600.0,298.9,1,270,0
13601.0,466.67,2,28,1
13602.0,596.28,3,17,1
13604.0,717.62,1,294,0
13605.0,522.67,2,23,1
13607.0,400.3,1,38,1
13608.0,232.05,1,176,0
13609.0,167.35,1,229,0
13610.0,1020.13,7,23,3
13611.0,2143.53,7,10,2
13612.0,818.29,1,268,0
13613.0,1039.8500000000001,5,88,3
13614.0,747.28,2,29,1
13616.0,283.85,2,204,0
13617.0,734.57,5,44,3
13619.0,223.44,2,180,0
13620.0,112.34,1,164,0
13622.0,658.95,1,332,0
13623.0,1805.32,5,16,3
13624.0,462.08,1,24,1
13625.0,301.26,1,232,0
13626.0,449.81,1,15,1
13627.0,607.43,2,124,1
13628.0,310.14,1,312,0
13632.0,1526.88,3,30,3
13634.0,3440.7200000000003,10,12,2
13635.0,1928.1299999999999,3,78,3
13639.0,312.93,1,72,1
13640.0,405.0,1,247,0
13641.0,942.37,4,276,0
13642.0,159.92,3,68,1
13643.0,1637.33,7,18,2
13646.0,326.25,2,35,1
13647.0,1393.56,4,130,3
13648.0,1759.07,8,36,2
13649.0,1304.88,5,2,3
13650.0,1451.66,4,10,3
13651.0,132.65,1,17,1
13652.0,1475.77,3,4,3
13653.0,152.2,1,123,1
13654.0,3600.67,5,16,2
13655.0,1347.54,4,10,3
13656.0,699.2,2,135,1
13658.0,3386.33,4,19,2
13659.0,3321.68,10,52,2
13660.0,306.64,1,36,1
13661.0,325.24,1,239,0
13662.0,1352.35,8,21,2
13663.0,1858.04,4,16,3
13665.0,1711.6599999999999,3,22,3
13666.0,42.4,2,56,1
13669.0,195.0,1,43,1
13671.0,172.6,1,30,1
13672.0,233.53000000000003,1,366,0
13674.0,240.68,1,68,1
13676.0,243.9,2,175,0
13677.0,551.24,2,40,1
13679.0,281.26,3,129,1
13683.0,258.6,1,93,1
13684.0,529.75,3,26,1
13686.0,337.04,2,16,1
13688.0,375.5,1,271,0
13689.0,349.5,1,80,1
13691.0,210.78,1,32,1
13692.0,1626.08,2,44,3
13693.0,2011.82,9,10,2
13695.0,266.6,1,213,0
13696.0,2020.4,3,57,3
13698.0,451.73,2,232,0
13699.0,455.57,1,186,0
13700.0,348.34,3,53,1
13701.0,161.0,1,82,1
13702.0,135.18,1,81,1
13703.0,326.06,1,51,1
13705.0,1323.47,5,9,3
13706.0,300.38,1,262,0
13707.0,2559.45,3,65,3
13709.0,1263.7,5,82,3
13710.0,329.04,2,59,1
13711.0,1540.2,7,42,2
13712.0,537.58,1,246,0
13713.0,740.76,3,44,1
13714.0,161.35,1,101,1
13717.0,318.29,2,93,1
13719.0,1740.42,6,29,2
13721.0,217.39999999999998,1,31,1
13722.0,3260.0,7,56,2
13723.0,994.23,5,28,3
13724.0,213.01,1,273,0
13727.0,740.6700000000001,6,247,0
13728.0,1839.03,10,23,2
13729.0,724.73,3,71,1
13733.0,487.03000000000003,2,46,1
13736.0,2022.67,5,61,3
13738.0,434.78000000000003,1,32,1
13739.0,75.3,1,163,0
13740.0,1232.02,4,51,3
13745.0,477.32,1,182,0
13746.0,176.69,1,49,1
13747.0,169.79999999999998,2,9,1
13748.0,1320.1,5,9,3
13750.0,1954.92,6,16,2
13752.0,404.45000000000005,1,163,0
13753.0,1353.31,3,234,0
13754.0,164.45000000000002,1,73,1
13757.0,195.55,1,310,0
13760.0,1076.85,3,40,3
13761.0,881.52,4,138,3
13762.0,2165.76,4,229,3
13763.0,3502.48,2,53,2
13764.0,1392.25,3,205,0
13765.0,352.821,1,289,0
13766.0,190.35,1,131,1
13768.0,875.97,2,362,0
13769.0,3003.9100000000003,11,3,2
13770.0,785.37,4,58,3
13771.0,3094.37,5,169,2
13772.0,1977.39,5,36,3
13773.0,301.54,2,32,1
13775.0,1049.66,1,226,0
13778.0,945.79,3,127,3
13779.0,161.13,1,151,1
13780.0,372.06,1,43,1
13781.0,650.99,2,228,0
13782.0,877.22,7,89,3
13783.0,1542.09,4,123,3
13784.0,447.44,3,70,1
13785.0,542.49,4,64,3
13786.0,3127.99,6,3,2
13787.0,913.46,4,94,3
13788.0,3.75,1,141,1
13789.0,239.45999999999998,1,24,1
13792.0,188.4,1,58,1
13793.0,96.0,1,282,0
13794.0,126.03,1,182,0
13795.0,836.3,4,24,3
13796.0,289.7,1,135,1
13797.0,1179.45,3,72,3
13799.0,2114.71,7,80,2
13800.0,1121.24,2,66,3
13803.0,1061.84,2,67,1
13804.0,572.73,2,71,1
13807.0,422.2,3,3,1
13809.0,524.65,2,30,1
13813.0,1218.61,4,163,3
13814.0,678.2,1,163,0
13815.0,3070.38,4,42,2
13818.0,61.28,1,65,1
13819.0,1502.0,3,305,0
13820.0,652.75,3,54,1
13821.0,993.44,4,29,3
13823.0,2445.79,5,16,2
13824.0,1615.82,7,15,2
13825.0,255.59,2,257,0
13829.0,102.0,1,57,1
13830.0,156.85000000000002,1,217,0
13832.0,557.6899999999999,1,58,1
13833.0,316.56,1,40,1
13834.0,324.19,2,212,0
13835.0,260.7,3,155,1
13836.0,620.37,2,35,1
13838.0,1245.91,7,5,3
13839.0,139.95000000000002,1,122,1
13840.0,651.4,1,52,1
13842.0,2244.29,10,2,2
13843.0,319.75,1,17,1
13846.0,442.73,1,35,1
13847.0,310.72,1,355,0
13848.0,2080.0,6,2,2
13849.0,1931.35,3,33,3
13851.0,1955.0,5,15,3
13852.0,187.35000000000002,1,246,0
13855.0,1310.3400000000001,4,136,3
13856.0,753.53,8,99,3
13857.0,1000.91,6,29,3
13859.0,314.7,1,165,0
13861.0,273.26,2,65,1
13862.0,346.73,1,25,1
13863.0,933.77,3,101,3
13864.0,662.4000000000001,1,22,1
13870.0,2941.14,7,23,2
13871.0,1482.6,4,64,3
13872.0,919.57,3,163,3
13873.0,649.32,5,19,3
13874.0,1508.7,6,140,3
13875.0,3027.58,9,23,2
13877.0,332.44,2,106,1
13878.0,1145.33,3,183,0
13879.0,395.5,1,281,0
13880.0,1171.89,5,3,3
13884.0,1037.43,5,12,3
13888.0,1405.92,5,40,3
13889.0,1574.3300000000002,5,18,3
13890.0,1043.57,4,10,3
13891.0,859.21,3,14,3
13892.0,634.68,2,113,1
13895.0,1415.45,2,151,3
13896.0,388.55,1,261,0
13897.0,849.56,2,74,1
13898.0,530.47,1,47,1
13900.0,869.64,3,25,3
13901.0,2809.14,10,10,2
13903.0,165.45000000000002,1,36,1
13905.0,312.65,1,368,0
13906.0,42.0,1,45,1
13907.0,136.8,1,327,0
13909.0,282.85,2,59,1
13911.0,1654.08,11,15,2
13912.0,124.95,1,59,1
13913.0,42.22,1,142,1
13915.0,70.80000000000001,1,30,1
13916.0,1275.81,4,99,3
13919.0,903.87,2,60,1
13920.0,1774.68,4,67,3
13921.0,730.7,4,38,3
13922.0,692.95,2,73,1
13927.0,359.27,1,73,1
13929.0,2651.45,9,52,2
13936.0,563.08,2,18,1
13937.0,721.28,1,38,1
13939.0,992.41,4,67,3
13942.0,320.0,1,170,0
13943.0,246.54,1,213,0
13944.0,200.43,1,289,0
13945.0,854.15,2,30,1
13946.0,1314.66,3,12,3
13948.0,446.76,3,47,1
13953.0,3125.0,5,45,2
13955.0,221.10999999999999,1,11,1
13957.0,458.25,3,53,1
13959.0,470.73,3,35,1
13961.0,538.4,1,28,1
13962.0,193.25,1,71,1
13964.0,438.9,2,23,1
13965.0,996.61,3,112,3
13966.0,384.26,1,71,1
13967.0,85.6,1,32,1
13968.0,123.66,1,59,1
13970.0,846.55,2,22,1
13971.0,1909.31,6,59,2
13974.0,264.13,1,218,0
13975.0,2795.16,6,29,2
13976.0,834.38,3,142,3
13977.0,519.8100000000001,1,47,1
13979.0,2503.76,6,29,2
13980.0,568.68,4,75,3
13981.0,331.14,1,51,1
13982.0,2511.08,6,1,2
13984.0,1128.09,8,2,2
13985.0,2960.73,7,10,2
13987.0,682.54,2,15,1
13988.0,609.84,2,19,1
13989.0,759.98,3,100,1
13992.0,142.7,2,16,1
13993.0,3309.35,10,15,2
13995.0,2508.32,9,15,2
13996.0,845.76,2,22,1
13997.0,376.46,3,155,1
13998.0,566.7,3,82,1
14000.0,1410.68,4,50,3
14001.0,2487.01,7,9,2
14003.0,209.41,1,368,0
14004.0,1675.81,4,29,3
14006.0,1234.48,4,164,3
14007.0,79.48,1,148,1
14008.0,509.04,1,68,1
14009.0,404.3,1,98,1
14010.0,445.15,2,201,0
14011.0,457.82,2,116,1
14013.0,611.5500000000001,2,16,1
14014.0,1443.03,2,12,3
14017.0,229.75,1,207,0
14018.0,367.15000000000003,1,281,0
14020.0,606.21,2,112,1
14021.0,1084.68,4,10,3
14022.0,352.15000000000003,1,122,1
14024.0,318.04,1,26,1
14026.0,713.11,2,106,1
14032.0,1874.68,6,2,2
14033.0,109.44,1,191,0
14035.0,1366.73,4,42,3
14037.0,689.75,4,114,3
14038.0,1509.5,2,33,3
14039.0,115.08000000000001,1,211,0
14042.0,431.98,1,361,0
14043.0,302.6,2,127,1
14044.0,2427.53,6,54,2
14047.0,2946.42,10,8,2
14048.0,338.76,2,18,1
14052.0,241.3,1,26,1
14053.0,312.05,2,33,1
14055.0,795.3199999999999,2,213,0
14057.0,2135.0,5,17,2
14058.0,469.19,2,98,1
14061.0,917.4300000000001,3,143,3
14064.0,1925.9,10,66,2
14065.0,891.02,3,25,3
14068.0,1250.8700000000001,3,239,0
14069.0,225.81,2,150,1
14070.0,321.6,1,320,0
14072.0,390.85,1,302,0
14074.0,219.39999999999998,1,259,0
14075.0,782.61,2,39,1
14077.0,115.66,1,31,1
14078.0,638.69,4,9,3
14080.0,1070.08,4,49,3
14082.0,231.10999999999999,1,28,1
14083.0,373.3,3,7,1
14084.0,150.5,1,148,1
14086.0,39.95,1,98,1
14087.0,638.0,2,40,1
14092.0,3152.54,10,10,2
14094.0,311.77,1,75,1
14095.0,2.95,1,358,0
14097.0,422.85999999999996,2,117,1
14099.0,2646.7400000000002,9,11,2
14104.0,524.3199999999999,3,25,1
14106.0,214.79999999999998,1,373,0
14107.0,2174.07,4,84,3
14108.0,447.05,2,367,0
14112.0,2919.44,6,87,2
14114.0,977.5600000000001,5,31,3
14115.0,622.6700000000001,2,137,1
14118.0,458.45,1,64,1
14119.0,183.37,2,11,1
14122.0,362.42,3,42,1
14123.0,436.18,1,369,0
14126.0,466.33000000000004,1,80,1
14127.0,1190.3700000000001,3,16,3
14128.0,286.71,1,187,0
14129.0,1467.48,4,35,3
14130.0,1377.86,3,11,3
14131.0,168.22,1,284,0
14133.0,305.5,1,369,0
14136.0,1570.81,5,36,3
14137.0,332.7,1,331,0
14139.0,670.98,3,126,1
14142.0,671.34,2,9,1
14144.0,30.599999999999998,1,122,1
14147.0,2106.8,7,24,2
14148.0,309.09000000000003,1,50,1
14151.0,679.45,2,309,0
14152.0,1376.05,5,23,3
14153.0,233.4,1,119,1
14157.0,553.8000000000001,3,25,1
14159.0,3221.6,9,15,2
14161.0,2182.46,5,5,2
14163.0,148.71,1,98,1
14166.0,251.15,2,141,1
14167.0,711.7,4,100,3
14168.0,370.45,2,56,1
14169.0,613.11,2,66,1
14170.0,570.18,3,11,1
14171.0,135.0,1,366,0
14172.0,369.02,3,241,0
14173.0,135.16,2,277,0
14176.0,339.11,2,3,1
14177.0,1660.23,9,17,2
14180.0,1570.73,9,8,2
14181.0,308.35,2,46,1
14182.0,678.77,4,79,3
14183.0,278.34000000000003,2,47,1
14186.0,1550.63,5,63,3
14187.0,123.5,1,109,1
14189.0,1160.31,2,4,3
14190.0,79.9,1,302,0
14191.0,132.9,2,30,1
14192.0,293.74,1,24,1
14193.0,356.8,1,32,1
14195.0,1603.6,4,75,3
14197.0,390.05,1,46,1
14198.0,868.33,5,36,3
14199.0,906.3,3,59,3
14200.0,379.2,1,253,0
14201.0,446.1,3,45,1
14202.0,847.76,3,17,3
14203.0,339.34,1,33,1
14204.0,874.22,3,58,3
14205.0,1947.5,7,30,2
14206.0,856.85,2,24,1
14207.0,157.8,1,323,0
14208.0,415.31,1,187,0
14209.0,2919.84,9,21,2
14211.0,2161.19,9,47,2
14212.0,1119.6599999999999,1,81,1
14213.0,1192.2,1,40,1
14215.0,1626.61,4,4,3
14216.0,310.74,1,50,1
14217.0,1411.91,7,2,2
14219.0,543.89,2,45,1
14220.0,882.5999999999999,2,203,0
14221.0,3084.69,8,85,2
14224.0,831.98,5,26,3
14225.0,2031.07,4,70,3
14226.0,770.34,1,77,1
14227.0,3015.2000000000003,5,50,2
14228.0,745.5,3,73,1
14229.0,1046.84,4,39,3
14230.0,979.8000000000001,3,71,3
14231.0,309.91,1,86,1
14233.0,1441.55,3,101,3
14235.0,1573.1299999999999,4,134,3
14236.0,1253.78,4,8,3
14237.0,471.14,2,9,1
14238.0,287.38,2,298,0
14239.0,1882.3200000000002,10,67,2
14240.0,357.15,1,59,1
14241.0,120.0,1,332,0
14244.0,366.41999999999996,1,296,0
14247.0,616.79,4,40,3
14248.0,730.37,2,95,1
14252.0,350.99,1,17,1
14253.0,363.40000000000003,2,129,1
14254.0,601.03,1,68,1
14256.0,1491.73,3,127,3
14257.0,2854.73,4,16,2
14260.0,824.28,3,107,3
14263.0,322.93,1,59,1
14264.0,1183.39,4,15,3
14265.0,843.17,2,100,1
14266.0,40.56,1,64,1
14268.0,354.85,1,106,1
14269.0,295.73,1,75,1
14271.0,101.86,1,45,1
14272.0,482.85,2,198,0
14274.0,256.6,1,322,0
14275.0,1189.3799999999999,6,31,3
14276.0,982.94,4,43,3
14278.0,205.83,1,45,1
14279.0,191.86,2,156,0
14281.0,245.15,1,44,1
14283.0,628.4399999999999,4,99,3
14284.0,704.4,1,289,0
14285.0,1374.41,4,149,3
14290.0,2201.91,3,49,3
14293.0,2221.37,6,4,2
14294.0,375.34,1,43,1
14295.0,2186.71,3,74,3
14296.0,456.40000000000003,2,57,1
14301.0,1352.04,3,52,3
14302.0,742.9000000000001,3,66,1
14303.0,277.94,2,43,1
14304.0,1341.56,2,15,3
14306.0,1058.0800000000002,4,14,3
14307.0,2075.31,5,9,2
14309.0,1428.28,2,49,3
14310.0,492.1,1,68,1
14311.0,206.19,1,203,0
14312.0,1478.7,5,14,3
14314.0,109.80000000000001,1,66,1
14315.0,716.69,2,200,0
14316.0,1370.34,5,58,3
14318.0,158.02,1,96,1
14319.0,494.85,1,60,1
14320.0,868.96,3,182,0
14321.0,687.3100000000001,2,67,1
14322.0,474.1,4,65,3
14324.0,701.61,2,45,1
14325.0,245.48000000000002,1,205,0
14326.0,757.13,2,99,1
14327.0,1583.28,5,18,3
14330.0,200.63,1,259,0
14332.0,1077.2,2,17,1
14334.0,1766.27,4,61,3
14338.0,339.88,1,172,0
14339.0,310.75,1,64,1
14341.0,2285.04,10,56,2
14342.0,249.88,2,68,1
14343.0,1079.66,4,57,3
14346.0,1294.17,3,61,3
14347.0,82.6,1,372,0
14350.0,689.1,2,16,1
14353.0,285.9,2,46,1
14355.0,840.0500000000001,3,1,3
14358.0,400.06,2,25,1
14361.0,214.70999999999998,1,214,0
14363.0,227.47000000000003,2,38,1
14365.0,634.68,2,30,1
14366.0,136.0,1,161,0
14369.0,469.13,2,278,0
14370.0,1175.78,6,86,3
14372.0,860.08,2,79,1
14374.0,108.0,1,177,0
14375.0,871.26,2,86,1
14376.0,215.46,1,319,0
14378.0,131.25,1,257,0
14379.0,917.06,2,29,1
14381.0,423.26,1,87,1
14382.0,578.14,1,26,1
14384.0,58.5,1,136,1
14388.0,3488.16,9,8,2
14389.0,854.55,3,60,3
14390.0,1731.16,5,8,3
14391.0,135.6,1,212,0
14392.0,266.4,1,68,1
14394.0,93.8,1,200,0
14396.0,1591.74,6,7,3
14398.0,707.79,2,37,1
14399.0,2108.21,8,30,2
14400.0,1157.77,2,44,3
14401.0,2744.42,9,60,2
14402.0,285.6,1,288,0
14403.0,404.7,2,225,0
14404.0,1404.04,8,5,2
14405.0,195.0,1,22,1
14408.0,1503.2400000000002,4,107,3
14409.0,1696.64,5,4,3
14410.0,1531.63,2,12,3
14412.0,656.16,1,60,1
14413.0,300.67,2,46,1
14414.0,902.35,1,10,1
14417.0,524.65,1,23,1
14419.0,202.85,1,18,1
14420.0,1251.65,3,32,3
14421.0,1656.26,4,148,3
14423.0,651.41,2,73,1
14425.0,661.39,3,70,1
14427.0,900.1800000000001,2,130,1
14429.0,516.28,1,39,1
14430.0,1220.9,3,147,3
14431.0,2143.84,3,15,3
14433.0,280.7,1,101,1
14435.0,90.42,1,137,1
14436.0,182.64000000000001,1,189,0
14437.0,873.34,5,1,3
14441.0,2898.8,7,10,2
14442.0,3777.2,5,50,2
14443.0,966.27,2,4,1
14444.0,120.44,1,92,1
14445.0,221.65,1,91,1
14446.0,189.93,1,22,1
14447.0,548.5,1,36,1
14449.0,1555.4,5,8,3
14450.0,645.19,4,15,3
14451.0,2614.78,10,25,2
14452.0,399.9,2,31,1
14454.0,977.3,5,12,3
14455.0,617.72,4,68,3
14458.0,219.26999999999998,1,16,1
14459.0,3537.821,1,287,3
14460.0,659.16,6,32,3
14462.0,262.24,1,68,1
14463.0,256.95,1,135,1
14464.0,111.0,2,204,0
14465.0,2887.4100000000003,8,64,2
14466.0,2374.5,7,8,2
14467.0,1606.98,8,25,2
14468.0,204.24,1,369,0
14469.0,2093.46,4,52,3
14470.0,250.85,1,66,1
14471.0,400.95,2,227,0
14472.0,266.05,1,325,0
14474.0,711.23,1,215,0
14475.0,225.3,1,44,1
14477.0,660.0,3,72,1
14478.0,1276.66,4,18,3
14479.0,982.86,3,1,3
14480.0,1020.47,3,38,3
14481.0,1648.18,3,43,3
14482.0,2283.91,6,15,2
14483.0,120.0,1,372,0
14484.0,749.0600000000001,3,37,1
14486.0,175.5,2,147,1
14487.0,225.89000000000001,2,4,1
14489.0,1111.55,3,73,3
14490.0,1273.47,2,42,3
14491.0,127.2,1,8,1
14492.0,1921.91,7,66,2
14493.0,2704.62,5,26,2
14494.0,261.9,2,37,1
14495.0,51.0,1,295,0
14496.0,2129.42,6,9,2
14497.0,221.69,1,309,0
14498.0,1943.51,5,37,3
14499.0,1293.3500000000001,4,10,3
14506.0,1256.6000000000001,3,5,3
14507.0,1848.8600000000001,5,14,3
14508.0,554.87,3,12,1
14509.0,110.95,1,170,0
14510.0,979.85,3,11,3
14512.0,940.69,5,19,3
14513.0,332.42,3,72,1
14514.0,3389.84,6,72,2
14515.0,1647.17,6,23,3
14516.0,151.17,1,152,1
14519.0,203.14,2,319,0
14521.0,199.45000000000002,1,127,1
14522.0,773.8800000000001,4,231,0
14524.0,1066.03,4,45,3
14526.0,258.65,1,25,1
14530.0,3226.76,10,32,2
14531.0,376.34,1,115,1
14532.0,2912.93,7,47,2
14533.0,1516.65,4,43,3
14534.0,1787.41,8,33,2
14535.0,3107.05,6,31,2
14537.0,285.84000000000003,1,259,0
14538.0,982.59,3,166,3
14540.0,2756.98,8,15,2
14541.0,1038.03,6,52,3
14544.0,934.23,1,106,1
14545.0,349.25,1,310,0
14546.0,2610.91,6,12,2
14548.0,1888.49,7,120,2
14549.0,624.36,3,56,1
14550.0,587.69,2,24,1
14551.0,691.86,5,47,3
14552.0,343.71,2,16,1
14553.0,959.33,4,47,3
14555.0,1991.49,4,17,3
14556.0,815.69,3,232,0
14558.0,655.5,3,290,0
14559.0,75.6,1,26,1
14562.0,1631.38,8,26,2
14563.0,625.42,2,145,1
14564.0,2605.62,2,70,3
14565.0,760.1,1,109,1
14566.0,2660.0,3,53,3
14568.0,919.7,1,71,1
14569.0,369.94,3,88,1
14570.0,295.19,1,79,1
14571.0,160.0,1,61,1
14572.0,2716.44,4,53,2
14573.0,925.3,5,8,3
14574.0,143.70000000000002,1,368,0
14575.0,420.22,1,124,1
14576.0,35.400000000000006,1,8,1
14577.0,504.44,3,30,1
14579.0,105.56,1,68,1
14580.0,14.850000000000001,1,154,0
14581.0,271.05,1,180,0
14583.0,673.33,3,19,1
14584.0,705.1,4,57,3
14585.0,986.22,4,18,3
14588.0,135.39,1,214,0
14589.0,39.75,1,7,1
14593.0,3040.88,9,33,2
14594.0,255.0,1,9,1
14595.0,423.85,2,89,1
14596.0,222.22000000000003,1,262,0
14597.0,1318.3899999999999,4,15,3
14598.0,162.07,1,205,0
14599.0,457.89,2,26,1
14600.0,471.84000000000003,1,29,1
14602.0,205.35999999999999,1,292,0
14604.0,136.35999999999999,1,269,0
14605.0,920.71,4,10,3
14608.0,1557.79,6,15,3
14609.0,884.64,6,26,3
14610.0,24.35,2,31,1
14611.0,604.3299999999999,2,79,1
14612.0,877.7,1,51,1
14613.0,76.32000000000001,1,316,0
14614.0,295.13,1,22,1
14615.0,951.76,5,30,3
14616.0,121.7,2,21,1
14617.0,190.47000000000003,2,38,1
14618.0,788.88,4,12,3
14619.0,896.8000000000001,1,177,0
14621.0,1212.21,4,147,3
14623.0,1130.28,5,16,3
14624.0,588.22,4,51,3
14625.0,3598.25,9,10,2
14626.0,2619.65,7,31,2
14627.0,462.75,1,15,1
14628.0,1326.04,3,78,3
14630.0,338.65,1,120,1
14631.0,1018.71,3,22,3
14634.0,2124.46,4,73,3
14635.0,215.22,1,89,1
14637.0,106.67999999999999,1,313,0
14639.0,1994.47,3,44,3
14640.0,1541.98,4,45,3
14643.0,986.08,3,253,0
14644.0,1416.96,5,50,3
14645.0,279.8,1,270,0
14647.0,270.0,1,159,0
14649.0,2248.6,5,18,2
14650.0,62.5,1,224,0
14651.0,1371.77,7,30,2
14653.0,1488.1,4,149,3
14654.0,246.86,1,374,0
14655.0,1946.28,3,24,3
14656.0,498.95,3,51,1
14657.0,601.97,2,65,1
14662.0,635.06,3,63,1
14663.0,490.6,2,66,1
14665.0,913.95,2,63,1
14668.0,111.63,1,81,1
14669.0,1957.54,4,269,0
14670.0,190.47,1,368,0
14671.0,1127.45,2,185,0
14672.0,347.59,2,151,1
14673.0,1674.41,3,3,3
14674.0,173.66,1,145,1
14675.0,419.22,1,24,1
14677.0,184.91,1,228,0
14678.0,403.39,1,215,0
14679.0,1289.44,3,17,3
14681.0,376.20000000000005,3,23,1
14682.0,1462.81,4,64,3
14683.0,146.56,1,224,0
14684.0,228.52,1,26,1
14686.0,852.53,5,50,3
14687.0,773.6800000000001,2,36,1
14688.0,2056.3,8,9,2
14690.0,422.63,2,28,1
14692.0,1123.59,8,16,2
14693.0,992.46,6,61,3
14694.0,244.31,1,253,0
14695.0,1534.22,3,155,3
14696.0,688.95,2,9,1
14699.0,593.47,3,71,1
14700.0,880.96,2,51,1
14701.0,1961.02,6,78,2
14704.0,258.96,2,60,1
14706.0,367.54,1,254,0
14707.0,139.2,2,71,1
14708.0,1085.91,3,4,3
14710.0,1300.31,9,15,2
14712.0,411.0,1,54,1
14713.0,2752.11,11,1,2
14714.0,746.05,3,43,1
14715.0,942.17,4,78,3
14716.0,235.77,1,80,1
14717.0,81.3,1,369,0
14718.0,226.42,1,46,1
14721.0,109.07,1,15,1
14722.0,309.1,2,113,1
14723.0,926.19,7,7,3
14724.0,341.9,1,226,0
14725.0,591.28,3,30,1
14726.0,116.5,1,290,0
14727.0,192.45,2,182,0
14728.0,190.58,1,49,1
14729.0,586.24,3,9,1
14732.0,2814.58,11,28,2
14734.0,1056.42,4,61,3
14736.0,374.05,2,121,1
14737.0,2389.62,1,36,3
14738.0,507.45,2,196,0
14740.0,2712.85,8,45,2
14741.0,497.25,2,8,1
14742.0,579.85,1,71,1
14743.0,50.48,1,228,0
14744.0,2785.1,8,2,2
14745.0,1331.15,7,137,3
14746.0,593.5,4,42,3
14748.0,1736.57,7,4,2
14749.0,310.15,1,115,1
14750.0,112.03,1,372,0
14751.0,126.45,2,320,0
14753.0,306.36,1,96,1
14754.0,909.88,4,61,3
14756.0,1864.8,2,18,3
14758.0,1380.9099999999999,3,32,3
14761.0,192.02,1,80,1
14762.0,117.05000000000001,1,262,0
14767.0,382.81,1,110,1
14770.0,2761.2200000000003,6,103,2
14771.0,594.62,2,257,0
14773.0,140.55,1,228,0
14774.0,241.45,1,164,0
14775.0,406.56,1,8,1
14776.0,1170.0,4,23,3
14777.0,307.56,1,39,1
14783.0,307.3,1,295,0
14784.0,159.94,1,25,1
14786.0,90.96,1,186,0
14787.0,110.65,1,107,1
14788.0,476.88,1,232,0
14790.0,1781.56,6,10,2
14791.0,303.63,1,242,0
14793.0,396.91,1,171,0
14794.0,633.99,3,38,1
14796.0,2865.05,11,2,2
14797.0,300.31,1,143,1
14798.0,550.5699999999999,5,17,3
14799.0,180.45,1,373,0
14800.0,3404.13,6,5,2
14805.0,536.15,3,40,1
14806.0,110.03999999999999,1,75,1
14807.0,504.14,2,26,1
14809.0,686.76,2,257,0
14810.0,446.59,3,5,1
14811.0,170.5,1,23,1
14812.0,178.85,1,234,0
14813.0,888.91,4,5,3
14814.0,152.96,1,217,0
14817.0,2599.52,5,31,2
14818.0,495.76,3,94,1
14819.0,184.34,2,130,1
14820.0,767.47,5,16,3
14821.0,1230.15,7,2,3
14822.0,157.70000000000002,1,121,1
14824.0,2895.2000000000003,6,15,2
14826.0,385.2,2,217,0
14829.0,995.29,4,8,3
14831.0,1676.57,3,316,0
14833.0,94.8,1,134,1
14834.0,485.86,1,43,1
14835.0,297.0,2,164,0
14837.0,1810.82,5,78,3
14838.0,769.9200000000001,2,59,1
14839.0,915.28,3,54,3
14840.0,299.86,1,175,0
14843.0,211.79999999999998,1,72,1
14844.0,3512.62,6,66,2
14845.0,150.0,1,235,0
14846.0,437.4,1,63,1
14847.0,1039.55,2,43,1
14848.0,310.56,1,40,1
14850.0,1445.21,6,53,3
14851.0,318.06,1,266,0
14853.0,901.0699999999999,3,59,3
14854.0,1563.03,4,26,3
14857.0,2478.731,5,78,2
14858.0,180.75,1,141,1
14859.0,351.9,1,190,0
14861.0,1254.94,9,16,2
14865.0,77.52000000000001,3,8,1
14868.0,1230.42,4,16,3
14869.0,2056.69,4,24,3
14870.0,1511.7,5,49,3
14871.0,726.89,5,129,3
14872.0,816.6,3,119,3
14873.0,334.45,1,269,0
14874.0,116.18,1,171,0
14875.0,1397.08,1,77,1
14876.0,256.7,2,157,0
14877.0,425.85,2,54,1
14879.0,185.06,1,320,0
14884.0,120.6,1,305,0
14885.0,832.8,2,63,1
14890.0,691.6,2,254,0
14891.0,552.35,2,52,1
14892.0,202.35000000000002,1,326,0
14893.0,571.76,1,253,0
14894.0,837.0600000000001,2,79,1
14896.0,1614.45,7,1,2
14897.0,1774.16,4,45,3
14898.0,2195.14,9,7,2
14899.0,1331.38,1,31,1
14900.0,13.919999999999998,1,158,0
14901.0,860.11,5,2,3
14902.0,702.96,2,31,1
14904.0,605.05,2,44,1
14905.0,1355.24,6,10,3
14907.0,2664.69,10,3,2
14908.0,104.10000000000001,1,99,1
14909.0,1404.68,3,73,3
14912.0,981.7299999999999,3,37,3
14913.0,2845.7,4,24,2
14915.0,1503.77,9,11,2
14916.0,1773.97,4,67,3
14917.0,1123.75,2,232,0
14919.0,359.35,1,175,0
14920.0,629.4,1,201,0
14922.0,843.74,2,29,1
14924.0,620.96,2,246,0
14926.0,359.4,2,17,1
14927.0,308.2,1,32,1
14928.0,223.91000000000003,1,263,0
14929.0,612.8100000000001,1,57,1
14930.0,2873.77,3,106,3
14932.0,566.13,2,1,1
14933.0,1770.0,4,79,3
14934.0,1512.56,3,14,3
14935.0,1065.12,1,255,0
14938.0,2322.43,2,198,3
14940.0,531.49,2,53,1
14941.0,182.1,1,214,0
14942.0,746.56,4,37,3
14943.0,107.62,1,299,0
14944.0,3784.42,7,25,2
14945.0,179.4,1,49,1
14947.0,758.97,4,24,3
14949.0,515.0,4,105,3
14953.0,683.15,3,54,1
14954.0,167.27,1,339,0
14955.0,163.77,1,368,0
14956.0,1325.0,1,57,1
14957.0,203.2,1,280,0
14958.0,458.26,3,231,0
14962.0,240.21000000000004,3,175,0
14963.0,1651.23,7,15,2
14966.0,881.24,5,23,3
14967.0,1518.81,5,77,3
14968.0,349.9,1,94,1
14969.0,906.23,1,339,0
14970.0,3327.29,8,45,2
14972.0,30.300000000000004,1,17,1
14975.0,192.45,1,57,1
14977.0,31.929999999999996,1,361,0
14978.0,1190.82,5,66,3
14979.0,429.66,1,371,0
14980.0,150.68,1,373,0
14981.0,270.8,1,59,1
14982.0,234.88,1,208,0
14983.0,183.20000000000002,1,325,0
14984.0,1058.1399999999999,4,24,3
14986.0,563.1,2,12,1
14987.0,1387.4499999999998,7,1,2
14988.0,1704.11,6,16,2
14989.0,342.4,1,297,0
14990.0,304.17,2,248,0
14991.0,314.67,1,66,1
14992.0,210.5,1,78,1
14993.0,36.13,1,199,0
14994.0,942.77,5,18,3
14996.0,442.28999999999996,2,117,1
14997.0,230.4,1,291,0
14998.0,338.31,2,64,1
14999.0,129.48000000000002,1,228,0
15001.0,197.10999999999999,2,30,1
15002.0,3127.9700000000003,6,3,2
15003.0,1027.03,6,109,3
15006.0,277.4,1,89,1
15008.0,360.0,2,116,1
15011.0,416.6,2,31,1
15012.0,429.78,2,9,1
15013.0,1610.82,10,123,2
15016.0,450.85,4,29,3
15018.0,111.25,1,3,1
15020.0,198.47,1,15,1
15021.0,826.91,4,2,3
15022.0,281.05,1,313,0
15024.0,2414.18,8,3,2
15025.0,609.88,1,204,0
15026.0,579.89,2,11,1
15027.0,2129.45,6,31,2
15028.0,521.78,3,4,1
15029.0,365.1,1,255,0
15030.0,1461.63,6,16,3
15031.0,2449.75,10,30,2
15037.0,397.76,2,12,1
15038.0,579.67,4,5,3
15040.0,7.49,1,177,0
15041.0,109.05,1,80,1
15042.0,179.52,1,231,0
15043.0,2318.3199999999997,5,99,2
15046.0,2533.37,10,61,2
15048.0,98.7,1,4,1
15050.0,2349.5,2,57,3
15051.0,2543.55,6,15,2
15055.0,549.12,3,110,1
15056.0,113.64999999999999,1,156,0
15057.0,1766.46,3,79,3
15058.0,1285.04,5,12,3
15059.0,2152.68,10,12,2
15062.0,1597.76,4,59,3
15064.0,1154.41,4,46,3
15065.0,168.73,1,46,1
15067.0,2118.12,2,49,3
15068.0,621.54,2,54,1
15070.0,737.0500000000001,3,8,1
15071.0,473.49,2,22,1
15072.0,187.51999999999998,1,115,1
15073.0,1744.61,5,36,3
15074.0,817.46,2,65,1
15076.0,566.89,2,128,1
15077.0,2428.08,2,130,3
15079.0,2871.74,8,1,2
15080.0,546.25,2,63,1
15081.0,1460.92,8,3,2
15082.0,93.35000000000001,1,304,0
15084.0,965.2,2,15,1
15085.0,347.54,1,365,0
15086.0,218.53,2,200,0
15091.0,565.9,2,310,0
15092.0,318.65,1,98,1
15094.0,83.0,2,99,1
15095.0,1771.04,6,56,2
15097.0,660.27,2,219,0
15100.0,2018.6999999999998,6,2,2
15101.0,1160.41,4,151,3
15102.0,554.67,2,166,0
15105.0,795.98,2,66,1
15107.0,620.85,4,8,3
15109.0,498.15000000000003,2,215,0
15110.0,509.75,2,39,1
15111.0,1163.39,3,8,3
15112.0,209.4,1,247,0
15114.0,639.56,2,19,1
15115.0,191.74,1,368,0
15117.0,934.19,3,84,3
15122.0,2853.4900000000002,8,58,2
15123.0,2456.86,3,57,3
15124.0,266.63,2,112,1
15126.0,449.49,2,172,0
15127.0,304.97,1,155,0
15128.0,312.68,1,66,1
15131.0,80.28,1,30,1
15133.0,824.48,2,18,1
15134.0,208.3,2,17,1
15135.0,166.63,1,192,0
15137.0,823.4,2,156,0
15138.0,502.52,1,29,1
15140.0,889.44,1,78,1
15141.0,1388.47,7,93,2
15142.0,2121.18,5,46,2
15143.0,304.18,1,68,1
15149.0,1003.8100000000001,3,213,0
15150.0,3686.61,3,92,2
15151.0,2085.61,2,59,3
15152.0,518.14,1,337,0
15154.0,1089.44,2,114,1
15155.0,383.96999999999997,1,19,1
15157.0,718.04,2,205,0
15158.0,204.62,1,37,1
15159.0,3475.7200000000003,4,31,2
15160.0,431.11,3,10,1
15161.0,119.92,1,24,1
15162.0,312.9,1,367,0
15164.0,1203.53,6,25,3
15165.0,487.75,1,9,1
15166.0,167.16,1,103,1
15167.0,1468.82,4,43,3
15169.0,569.22,2,18,1
15170.0,81.15,1,42,1
15173.0,1494.6,7,16,2
15174.0,345.71,1,46,1
15176.0,988.04,1,303,0
15177.0,948.93,1,61,1
15180.0,816.9300000000001,3,3,3
15181.0,510.72,2,56,1
15182.0,2376.1020000000003,9,21,2
15183.0,639.93,3,183,0
15184.0,283.19,2,23,1
15186.0,991.7900000000001,3,110,3
15188.0,310.43,1,361,0
15189.0,1298.99,5,17,3
15190.0,834.4399999999999,1,70,1
15191.0,588.05,3,99,1
15192.0,937.07,3,1,3
15196.0,313.7,2,68,1
15197.0,797.9,3,30,3
15198.0,377.71,3,44,1
15199.0,1853.7,6,10,2
15200.0,549.05,1,130,1
15201.0,606.4100000000001,2,75,1
15203.0,2572.38,9,26,2
15207.0,683.9200000000001,3,52,1
15208.0,100.4,1,59,1
15209.0,178.98000000000002,1,366,0
15210.0,845.01,2,14,1
15211.0,383.07,1,1,1
15212.0,106.47999999999999,1,12,1
15215.0,1687.49,4,29,3
15216.0,389.49,1,254,0
15217.0,426.24,1,199,0
15219.0,379.7,1,284,0
15221.0,2062.2000000000003,4,2,3
15222.0,2965.91,10,108,2
15223.0,662.2,3,245,0
15224.0,549.28,3,148,1
15227.0,1269.0900000000001,4,32,3
15228.0,2193.56,2,64,3
15229.0,160.5,1,222,0
15231.0,250.26,1,257,0
15233.0,59.400000000000006,1,37,1
15235.0,690.3000000000001,6,5,3
15240.0,2753.41,7,10,2
15241.0,1293.72,3,66,3
15242.0,302.04,1,58,1
15243.0,610.6,1,71,1
15244.0,280.51,1,302,0
15245.0,2095.0,5,38,2
15246.0,266.25,1,191,0
15247.0,620.06,2,113,1
15248.0,1893.93,3,47,3
15249.0,2577.54,5,66,2
15250.0,60.0,1,276,0
15252.0,1362.63,3,57,3
15253.0,1136.89,3,39,3
15254.0,787.99,2,182,0
15255.0,2815.17,8,32,2
15256.0,71.95,1,197,0
15257.0,368.75,1,50,1
15259.0,1182.3799999999999,4,148,3
15261.0,1253.18,3,17,3
15262.0,239.87,2,16,1
15264.0,454.66,1,166,0
15265.0,1839.52,2,240,0
15266.0,732.91,4,15,3
15268.0,961.9000000000001,3,114,3
15269.0,816.56,2,16,1
15271.0,2146.95,10,1,2
15272.0,1309.01,4,86,3
15273.0,228.96,1,235,0
15276.0,491.17,3,30,1
15277.0,220.44,1,61,1
15278.0,496.15999999999997,4,197,0
15279.0,1290.03,4,16,3
15280.0,284.4,2,124,1
15282.0,348.59,1,206,0
15283.0,148.33,3,26,1
15284.0,24.75,1,136,1
15285.0,94.92,1,43,1
15287.0,369.34000000000003,3,15,1
15288.0,1565.66,6,1,3
15289.0,653.3100000000001,2,94,1
15290.0,2553.06,8,29,2
15293.0,247.5,1,301,0
15294.0,233.35,1,46,1
15295.0,207.04,1,290,0
15299.0,3484.5299999999997,6,8,2
15301.0,2533.09,6,4,2
15302.0,308.0,1,366,0
15303.0,650.16,2,201,0
15304.0,225.15,2,4,1
15305.0,93.6,1,191,0
15306.0,2310.38,6,136,2
15309.0,797.96,4,246,0
15310.0,1634.64,1,114,3
15312.0,2005.3400000000001,8,19,2
15314.0,492.47999999999996,2,49,1
15317.0,129.75,1,313,0
15322.0,711.18,1,112,1
15323.0,434.6,3,198,0
15324.0,140.22000000000003,1,337,0
15325.0,1439.72,7,31,2
15326.0,1388.81,4,245,0
15328.0,107.24,1,43,1
15329.0,1909.13,8,10,2
15331.0,767.91,3,135,1
15336.0,240.5,1,37,1
15337.0,373.02,1,47,1
15338.0,277.93,1,313,0
15339.0,1246.95,5,57,3
15340.0,105.5,1,197,0
15341.0,382.2,1,85,1
15346.0,343.7,2,61,1
15347.0,1162.0,4,2,3
15350.0,547.6,2,9,1
15351.0,1770.23,4,5,3
15352.0,111.15,1,184,0
15353.0,2336.0,6,3,2
15356.0,664.66,4,4,3
15359.0,181.35,8,298,0
15361.0,270.15000000000003,3,162,0
15362.0,613.08,2,84,1
15363.0,678.11,2,8,1
15365.0,2242.81,6,39,2
15366.0,1786.57,5,45,3
15367.0,3203.74,7,54,2
15368.0,275.8,1,30,1
15370.0,1352.96,1,46,1
15371.0,59.400000000000006,1,298,0
15373.0,1002.9300000000001,6,7,3
15374.0,139.32,1,260,0
15375.0,60.959999999999994,1,326,0
15377.0,1211.75,4,18,3
15378.0,246.5,2,98,1
15379.0,1174.55,1,36,1
15380.0,1788.8,7,1,2
15381.0,1293.72,3,59,3
15384.0,1385.38,2,17,3
15385.0,625.2,2,28,1
15387.0,468.65,1,128,1
15389.0,2233.8,4,36,3
15390.0,1216.66,2,32,3
15391.0,289.87,1,220,0
15392.0,1376.0900000000001,3,10,3
15393.0,659.48,3,203,0
15394.0,3103.26,7,31,2
15396.0,508.20000000000005,1,219,0
15400.0,586.1,3,56,1
15401.0,216.95000000000002,2,88,1
15402.0,1203.77,4,23,3
15403.0,170.88,2,127,1
15404.0,257.06,1,11,1
15405.0,310.74,1,212,0
15406.0,465.15999999999997,2,89,1
15409.0,131.25,1,357,0
15410.0,1234.88,2,204,0
15416.0,588.5,3,114,1
15418.0,449.42,2,61,1
15420.0,743.0,6,70,3
15421.0,2854.98,6,21,2
15422.0,1522.27,5,15,3
15423.0,223.39,2,217,0
15424.0,214.44,1,99,1
15425.0,1941.1200000000001,4,36,3
15426.0,1134.85,5,5,3
15428.0,668.97,3,23,1
15430.0,954.75,2,103,1
15431.0,153.24,1,138,1
15432.0,149.57,1,177,0
15434.0,1525.5800000000002,6,10,3
15437.0,193.29000000000002,1,276,0
15439.0,1269.05,4,40,3
15441.0,1254.21,3,32,3
15443.0,1900.64,7,110,2
15445.0,171.0,1,226,0
15446.0,396.75,3,12,1
15447.0,337.71000000000004,4,163,0
15448.0,294.17,1,310,0
15451.0,226.86,2,70,1
15452.0,1256.63,3,26,3
15454.0,124.79,1,254,0
15455.0,38.25,1,233,0
15456.0,1656.93,7,39,2
15458.0,208.79999999999998,1,38,1
15459.0,202.82999999999998,2,53,1
15461.0,429.7,2,96,1
15462.0,502.45,1,81,1
15466.0,1225.93,3,25,3
15468.0,962.97,1,28,1
15469.0,335.7,1,74,1
15470.0,63.419999999999995,1,211,0
15471.0,837.53,2,16,1
15473.0,274.8,1,80,1
15474.0,150.35,1,231,0
15476.0,2209.98,4,16,3
15477.0,368.4,1,285,0
15478.0,541.06,1,211,0
15479.0,147.4,1,369,0
15480.0,2686.75,2,105,3
15481.0,1993.34,1,37,3
15482.0,3537.6,7,22,2
15483.0,585.42,6,21,3
15484.0,1061.69,2,176,0
15485.0,3186.01,5,9,2
15486.0,102.0,1,163,0
15487.0,231.32,1,315,0
15488.0,340.6,4,92,1
15489.0,1285.3300000000002,5,36,3
15490.0,210.85,1,66,1
15493.0,2159.78,4,25,3
15494.0,2422.02,3,114,3
15495.0,246.5,1,15,1
15496.0,146.14000000000001,1,267,0
15499.0,158.65,1,359,0
15501.0,399.95,2,40,1
15502.0,3548.34,5,4,2
15503.0,116.26,1,362,0
15504.0,338.62,3,156,1
15506.0,1058.25,3,17,3
15509.0,152.41,1,16,1
15512.0,210.58,2,26,1
15514.0,2364.56,7,15,2
15515.0,171.81,1,23,1
15518.0,2268.44,7,15,2
15519.0,344.61,2,19,1
15524.0,151.4,1,242,0
15525.0,430.78,2,9,1
15529.0,1116.72,2,2,3
15530.0,311.37,1,148,1
15532.0,2162.37,6,12,2
15534.0,162.25,1,361,0
15535.0,541.47,2,40,1
15536.0,259.09,1,45,1
15538.0,3358.3999999999996,6,173,2
15540.0,247.38,1,11,1
15542.0,855.71,3,148,3
15543.0,114.4,1,95,1
15545.0,135.32999999999998,1,7,1
15546.0,1079.1000000000001,2,242,0
15548.0,158.09,1,231,0
15549.0,652.7,5,57,3
15550.0,1635.42,8,14,2
15551.0,1243.75,6,30,3
15552.0,162.4,1,259,0
15558.0,202.68,1,275,0
15559.0,1109.4,1,204,0
15560.0,153.52,2,33,1
15561.0,1133.8,4,19,3
15562.0,536.88,2,60,1
15563.0,1459.02,3,150,3
15564.0,70.74000000000001,2,99,1
15566.0,227.87,2,28,1
15569.0,2207.74,5,26,2
15571.0,3241.92,10,22,2
15572.0,1431.78,3,16,3
15573.0,597.23,3,254,0
15574.0,774.84,3,8,3
15575.0,30.1,1,255,0
15577.0,137.15,2,359,0
15579.0,923.03,3,19,3
15580.0,1375.39,8,12,2
15583.0,95.96,1,12,1
15584.0,547.34,2,35,1
15586.0,1139.1,3,228,0
15587.0,608.4000000000001,3,28,1
15588.0,579.6,1,313,0
15590.0,1496.6,5,18,3
15591.0,217.9,3,218,0
15595.0,357.6,1,123,1
15596.0,1723.45,5,1,3
15597.0,238.8,1,211,0
15598.0,307.34,1,63,1
15599.0,488.32,1,81,1
15600.0,1199.31,4,64,3
15602.0,1932.64,8,4,2
15603.0,40.0,1,284,0
15605.0,738.57,5,9,3
15606.0,2310.83,8,26,2
15607.0,1604.21,8,179,2
15608.0,692.3,1,51,1
15613.0,433.71999999999997,1,246,0
15614.0,3147.36,4,73,2
15616.0,317.11,1,74,1
15617.0,828.5500000000001,3,32,3
15620.0,389.18,1,45,1
15623.0,2136.02,7,29,2
15625.0,1702.1399999999999,5,12,3
15626.0,391.72,1,57,1
15627.0,566.9,2,93,1
15628.0,2782.02,9,2,2
15629.0,2240.9,4,86,3
15630.0,295.05,1,280,0
15631.0,596.67,1,278,0
15634.0,311.1,1,19,1
15635.0,100.35,1,31,1
15636.0,719.82,2,73,1
15637.0,574.23,4,49,3
15638.0,2265.2,6,14,2
15639.0,639.76,2,87,1
15641.0,3458.35,8,32,2
15642.0,105.78000000000002,1,365,0
15645.0,443.16,2,50,1
15646.0,526.97,3,8,1
15647.0,169.0,1,51,1
15649.0,1354.35,3,3,3
15650.0,553.88,2,157,0
15651.0,612.76,2,56,1
15652.0,1068.2,4,23,3
15658.0,1399.3700000000001,4,8,3
15659.0,226.04,2,22,1
15660.0,1212.13,7,1,3
15661.0,906.15,6,15,3
15662.0,283.73,2,297,0
15664.0,845.1,3,85,3
15665.0,1764.86,3,47,3
15666.0,632.9399999999999,2,108,1
15670.0,152.15,1,192,0
15672.0,45.300000000000004,1,361,0
15673.0,3478.09,5,87,2
15675.0,218.35,1,40,1
15677.0,648.4,2,57,1
15678.0,1473.24,2,31,3
15680.0,3173.9,8,2,2
15681.0,1563.54,9,15,2
15682.0,318.24,2,235,0
15683.0,330.79,1,109,1
15684.0,173.95,3,183,0
15685.0,55.980000000000004,1,86,1
15686.0,90.0,1,56,1
15688.0,190.57,1,54,1
15689.0,266.93,1,253,0
15691.0,434.5,3,30,1
15693.0,37.5,1,295,0
15695.0,721.06,2,233,0
15696.0,1170.1100000000001,5,59,3
15697.0,246.75,1,325,0
15698.0,46.2,1,260,0
15702.0,112.57000000000001,1,112,1
15704.0,1441.04,2,138,3
15708.0,969.19,3,5,3
15709.0,194.6,1,225,0
15710.0,898.87,1,53,1
15711.0,420.25,2,192,0
15712.0,2400.05,7,15,2
15713.0,654.09,3,2,1
15714.0,453.93,3,89,1
15715.0,658.02,5,191,3
15716.0,1911.03,8,5,2
15717.0,456.70000000000005,4,57,3
15718.0,293.79,1,176,0
15720.0,140.49,1,186,0
15722.0,3022.79,6,81,2
15723.0,740.0,3,47,1
15724.0,92.6,1,36,1
15726.0,321.91,1,26,1
15728.0,544.6,2,15,1
15729.0,107.55000000000001,2,36,1
15730.0,605.7,2,17,1
15731.0,125.3,1,189,0
15732.0,1387.95,9,8,2
15734.0,923.85,2,72,1
15735.0,327.68,1,57,1
15736.0,1767.12,2,71,3
15741.0,208.62,2,94,1
15742.0,156.87,1,255,0
15747.0,1553.17,6,11,3
15748.0,465.45000000000005,2,85,1
15751.0,1380.44,11,96,2
15752.0,1557.96,3,8,3
15754.0,2579.04,6,129,2
15755.0,3628.87,11,15,2
15757.0,2225.94,4,22,3
15759.0,577.8900000000001,4,147,3
15761.0,143.05,1,78,1
15764.0,1223.1100000000001,2,70,3
15765.0,370.63,1,302,0
15766.0,516.0,2,92,1
15770.0,321.45,1,248,0
15771.0,1006.54,3,240,0
15772.0,280.88,1,54,1
15773.0,138.84,1,45,1
15774.0,1016.29,5,54,3
15775.0,45.6,1,267,0
15777.0,715.5,3,32,1
15778.0,307.95,1,67,1
15779.0,124.08000000000001,2,99,1
15782.0,1399.36,1,66,1
15784.0,848.3299999999999,2,103,1
15785.0,3640.96,11,15,2
15786.0,3582.62,2,53,2
15788.0,221.82999999999998,1,144,1
15789.0,1610.71,5,67,3
15791.0,1995.65,3,165,3
15792.0,933.84,2,35,1
15793.0,1433.96,5,14,3
15794.0,777.0,2,372,0
15795.0,1369.8600000000001,7,66,2
15796.0,2463.02,9,10,2
15797.0,613.6800000000001,2,217,0
15798.0,1535.37,3,128,3
15799.0,537.1999999999999,1,54,1
15800.0,530.18,5,89,3
15803.0,1513.84,3,81,3
15807.0,913.62,2,44,1
15809.0,758.67,2,95,1
15810.0,1607.06,4,22,3
15811.0,1463.78,2,1,3
15812.0,3400.33,7,71,2
15814.0,689.11,2,29,1
15816.0,144.14999999999998,2,178,0
15817.0,2766.4,3,56,3
15818.0,340.5,1,224,0
15819.0,2029.34,6,67,2
15822.0,954.59,4,129,3
15824.0,890.94,2,89,1
15826.0,943.97,1,204,0
15828.0,1108.82,1,11,1
15833.0,80.4,1,373,0
15834.0,1539.24,3,12,3
15837.0,385.03000000000003,1,121,1
15841.0,1518.35,5,22,3
15842.0,548.8,2,29,1
15845.0,714.51,3,172,0
15846.0,107.01,1,21,1
15847.0,433.3,3,64,1
15848.0,137.99,1,257,0
15850.0,771.87,4,12,3
15851.0,109.73,1,162,0
15852.0,96.55,1,162,0
15854.0,2609.16,9,12,2
15855.0,340.48,1,112,1
15857.0,273.48,1,66,1
15858.0,2508.77,9,3,2
15859.0,438.46,1,68,1
15860.0,1496.3,10,4,2
15861.0,1213.98,4,92,3
15862.0,2028.49,10,9,2
15863.0,286.26,3,253,0
15864.0,244.44000000000003,1,17,1
15865.0,1346.29,2,49,3
15868.0,94.53,1,219,0
15869.0,171.47,1,262,0
15870.0,506.02,3,32,1
15871.0,33.099999999999994,1,73,1
15872.0,413.0,2,14,1
15873.0,313.91999999999996,4,135,1
15875.0,108.52,1,282,0
15876.0,1449.1399999999999,2,45,3
15878.0,330.77,2,197,0
15879.0,1137.8,4,40,3
15880.0,329.03000000000003,1,5,1
15882.0,977.34,6,4,3
15884.0,244.60000000000002,2,68,1
15886.0,871.78,3,52,3
15887.0,1027.15,3,42,3
15888.0,260.85,2,36,1
15889.0,1274.95,7,5,2
15890.0,535.65,5,30,3
15892.0,128.2,1,305,0
15893.0,305.28000000000003,1,117,1
15894.0,150.79000000000002,1,5,1
15899.0,56.25,1,4,1
15900.0,549.29,3,49,1
15901.0,318.14,3,87,1
15902.0,145.01,1,16,1
15905.0,114.69,1,179,0
15906.0,962.5,3,10,3
15908.0,758.62,2,126,1
15910.0,1432.29,7,36,2
15911.0,1683.79,8,259,2
15912.0,810.08,7,72,3
15913.0,6.300000000000001,1,170,0
15914.0,205.99,2,14,1
15915.0,364.24,1,37,1
15916.0,1874.83,7,2,2
15917.0,407.07,4,242,0
15918.0,248.65,1,267,0
15919.0,214.07999999999998,1,4,1
15920.0,401.64,5,60,3
15921.0,442.58,3,32,1
15922.0,369.5,1,9,1
15923.0,127.08,1,8,1
15924.0,102.82,1,367,0
15926.0,134.44,1,178,0
15927.0,106.54,1,283,0
15928.0,293.53,1,292,0
15929.0,594.0,1,280,0
15931.0,239.9,1,64,1
15934.0,2190.66,2,53,3
15936.0,282.79,2,15,1
15938.0,330.23,4,92,1
15939.0,2904.83,1,10,3
15941.0,405.0,1,273,0
15943.0,271.28999999999996,2,285,0
15944.0,1839.1399999999999,3,29,3
15945.0,646.27,4,1,3
15946.0,2304.18,3,138,3
15948.0,553.85,1,60,1
15951.0,304.95,1,17,1
15953.0,1990.8,11,5,2
15954.0,187.8,1,225,0
15956.0,617.6,2,187,0
15957.0,492.36,2,56,1
15958.0,357.77,3,39,1
15959.0,542.89,3,318,0
15960.0,410.95,4,10,1
15961.0,451.28999999999996,1,15,1
15962.0,289.48,1,85,1
15964.0,269.21000000000004,1,299,0
15965.0,2119.26,10,3,2
15966.0,426.53000000000003,1,86,1
15967.0,2568.32,10,15,2
15968.0,401.8,1,24,1
15969.0,460.95,2,61,1
15970.0,703.22,1,234,0
15971.0,1702.98,6,21,2
15972.0,1769.33,5,92,3
15973.0,665.62,2,2,1
15976.0,1252.67,4,46,3
15978.0,2180.64,2,68,3
15979.0,329.22,1,238,0
15982.0,324.51,1,241,0
15983.0,2458.9,6,1,2
15985.0,1572.8600000000001,5,72,3
15986.0,186.3,1,17,1
15987.0,216.7,2,4,1
15988.0,579.61,2,187,0
15989.0,368.31,2,11,1
15990.0,1205.64,5,130,3
15991.0,150.55,1,170,0
15992.0,854.61,2,32,1
15994.0,761.4100000000001,2,47,1
15995.0,694.54,1,50,1
15996.0,617.07,2,2,1
15999.0,20.4,1,371,0
16001.0,583.39,1,17,1
16002.0,169.21,1,261,0
16003.0,2878.46,5,17,2
16004.0,2146.39,5,110,2
16005.0,1786.3600000000001,6,11,2
16006.0,231.42,1,23,1
16007.0,1359.25,3,19,3
16010.0,1302.46,8,12,2
16012.0,1563.3,2,37,3
16014.0,453.45,2,44,1
16016.0,980.91,4,2,3
16017.0,1333.7,4,53,3
16018.0,289.23,2,32,1
16021.0,487.03,2,31,1
16024.0,232.96,2,47,1
16027.0,1113.74,9,93,2
16028.0,82.2,1,231,0
16032.0,1965.72,6,92,2
16033.0,1985.6299999999999,8,5,2
16034.0,473.62,3,30,1
16035.0,217.73,1,196,0
16036.0,1797.92,2,60,3
16037.0,654.32,2,180,0
16039.0,456.4,2,59,1
16040.0,1103.35,4,66,3
16042.0,1067.85,3,15,3
16043.0,1082.6000000000001,4,15,3
16044.0,340.84000000000003,1,71,1
16045.0,2094.23,4,52,3
16046.0,235.78,1,198,0
16048.0,818.7900000000001,4,9,3
16049.0,777.34,3,11,3
16050.0,162.8,2,19,1
16051.0,188.44,1,317,0
16053.0,2122.89,4,49,3
16054.0,1327.98,3,54,3
16057.0,1591.73,3,155,3
16058.0,62.7,1,42,1
16059.0,1718.66,7,3,2
16060.0,541.95,3,36,1
16061.0,89.65,1,67,1
16062.0,1709.83,4,15,3
16064.0,109.31,1,361,0
16065.0,1992.13,8,1,2
16067.0,3269.11,3,198,2
16068.0,115.73,1,229,0
16069.0,457.7,1,53,1
16071.0,750.5600000000001,3,163,0
16072.0,3595.77,3,64,2
16074.0,252.5,1,26,1
16075.0,736.9300000000001,2,138,1
16077.0,2300.4,1,261,0
16078.0,283.79,1,305,0
16080.0,385.40000000000003,2,21,1
16081.0,1637.14,4,2,3
16082.0,106.75,1,306,0
16083.0,1033.8,2,18,1
16085.0,1343.2,7,16,2
16086.0,1743.6,6,3,2
16087.0,1739.92,5,25,3
16088.0,1437.43,2,211,0
16089.0,263.49,2,22,1
16090.0,180.56,1,260,0
16092.0,770.08,3,140,1
16094.0,2617.33,7,11,2
16095.0,447.05,1,92,1
16096.0,1264.3500000000001,3,52,3
16098.0,2435.67,8,9,2
16099.0,841.3,4,53,3
16100.0,582.64,1,98,1
16101.0,1938.46,3,70,3
16104.0,2476.25,8,54,2
16105.0,2049.23,4,74,3
16108.0,1393.42,3,70,3
16109.0,327.6,1,334,0
16110.0,460.64,1,158,0
16111.0,549.33,1,64,1
16115.0,892.92,4,33,3
16117.0,422.19,2,38,1
16119.0,1297.45,6,30,3
16120.0,1658.3700000000001,2,58,3
16121.0,595.38,3,26,1
16122.0,316.92,3,2,1
16124.0,1523.49,3,54,3
16127.0,145.06,1,362,0
16128.0,1920.83,6,16,2
16129.0,1396.05,3,43,3
16130.0,987.48,4,58,3
16132.0,664.1999999999999,2,180,0
16134.0,1527.25,3,59,3
16135.0,301.9,1,219,0
16136.0,237.42,1,299,0
16137.0,422.7,1,316,0
16138.0,910.35,3,14,3
16139.0,475.74,2,358,0
16140.0,832.4200000000001,2,7,1
16141.0,335.54,1,53,1
16143.0,2485.89,7,5,2
16145.0,3005.9500000000003,8,24,2
16146.0,212.25,1,84,1
16147.0,2023.91,4,36,3
16148.0,310.3,1,72,1
16149.0,141.70000000000002,1,65,1
16150.0,2342.57,6,8,2
16153.0,3309.2599999999998,6,56,2
16155.0,796.9,5,17,3
16156.0,3096.14,11,18,2
16158.0,628.32,9,158,2
16159.0,884.59,3,106,3
16163.0,1992.98,5,1,3
16165.0,79.9,1,141,1
16166.0,435.83,2,64,1
16167.0,1386.1200000000001,5,50,3
16172.0,744.34,3,109,1
16174.0,1237.2,4,127,3
16175.0,798.85,3,107,3
16176.0,2052.69,4,57,3
16177.0,1915.36,7,72,2
16178.0,414.7,1,37,1
16182.0,3354.0,5,74,2
16183.0,739.1,3,30,1
16185.0,115.31,1,200,0
16188.0,105.80000000000001,1,44,1
16190.0,2508.4700000000003,7,30,2
16192.0,351.3,1,371,0
16193.0,315.98,1,46,1
16194.0,308.59999999999997,1,11,1
16195.0,323.25,1,359,0
16196.0,93.3,1,124,1
16197.0,2016.71,9,105,2
16198.0,629.36,1,73,1
16199.0,942.75,7,28,3
16201.0,248.65,1,51,1
16202.0,2136.72,8,53,2
16203.0,521.64,3,8,1
16204.0,534.53,2,16,1
16205.0,1062.48,3,32,3
16206.0,2040.06,9,23,2
16208.0,2776.19,8,30,2
16209.0,1884.16,4,18,3
16211.0,543.5699999999999,2,57,1
16212.0,603.37,2,254,0
16214.0,975.5,1,71,1
16218.0,1355.29,7,9,2
16219.0,40.8,1,136,1
16221.0,1324.35,7,3,2
16222.0,498.5,1,357,0
16223.0,1087.05,2,10,1
16224.0,321.24,1,23,1
16225.0,1762.99,10,38,2
16226.0,417.05,2,14,1
16227.0,713.0,2,130,1
16228.0,885.71,3,21,3
16229.0,1857.26,4,17,3
16231.0,1074.47,4,15,3
16232.0,1722.09,3,56,3
16233.0,1429.03,7,2,2
16234.0,333.18,3,112,1
16235.0,1186.4,4,11,3
16237.0,136.65,1,73,1
16238.0,63.66,1,58,1
16239.0,1078.0,4,18,3
16241.0,1677.15,4,5,3
16244.0,1056.63,1,8,1
16246.0,821.35,2,95,1
16250.0,401.94,2,9,1
16251.0,128.31,1,148,1
16252.0,295.09000000000003,1,18,1
16253.0,3538.34,5,56,2
16254.0,967.44,3,14,3
16255.0,2284.34,8,1,2
16256.0,826.9399999999999,2,129,1
16259.0,340.94,3,46,1
16261.0,312.62,2,22,1
16262.0,755.15,1,14,1
16263.0,348.16,1,59,1
16264.0,823.53,2,74,1
16265.0,1338.17,3,22,3
16266.0,896.06,7,59,3
16267.0,186.66,1,227,0
16269.0,717.57,1,73,1
16271.0,1978.18,4,106,3
16273.0,318.34000000000003,2,284,0
16274.0,331.55,1,9,1
16275.0,1591.24,2,110,3
16276.0,1818.79,2,115,3
16277.0,188.69,1,369,0
16278.0,551.46,2,116,1
16280.0,238.05,1,361,0
16281.0,1361.96,2,59,3
16282.0,1139.28,2,123,3
16283.0,2779.51,3,54,3
16284.0,205.8,1,29,1
16285.0,176.9,1,282,0
16286.0,328.95,2,113,1
16287.0,864.48,4,12,3
16288.0,129.85,1,106,1
16289.0,136.31,1,98,1
16290.0,1957.7,4,100,3
16292.0,951.51,4,16,3
16293.0,2408.96,6,3,2
16294.0,126.05000000000001,1,112,1
16296.0,1313.67,4,262,0
16298.0,487.5,4,33,3
16299.0,193.65,1,113,1
16300.0,1367.32,3,66,3
16301.0,107.33,1,372,0
16303.0,2567.64,4,28,2
16304.0,381.66,1,330,0
16306.0,560.55,2,3,1
16307.0,1194.92,3,65,3
16308.0,2560.0,3,42,3
16310.0,460.08,2,50,1
16312.0,171.15,1,68,1
16314.0,1491.4,3,25,3
16315.0,176.34,1,172,0
16316.0,2806.0,5,16,2
16317.0,850.86,2,186,0
16321.0,230.9,2,262,0
16323.0,146.16,1,213,0
16325.0,3003.26,9,60,2
16326.0,1587.03,10,19,2
16328.0,310.83,1,199,0
16329.0,1664.92,4,63,3
16330.0,373.46999999999997,4,60,1
16331.0,2037.7,6,68,2
16332.0,414.69,4,67,1
16334.0,263.73,1,128,1
16335.0,2753.52,7,187,2
16336.0,3517.69,4,56,2
16340.0,961.93,2,75,1
16341.0,1878.92,3,73,3
16343.0,285.54,1,43,1
16344.0,741.3199999999999,3,145,1
16345.0,613.33,1,119,1
16346.0,224.51,1,21,1
16347.0,2595.51,9,24,2
16348.0,328.77,1,66,1
16350.0,1137.42,5,10,3
16354.0,723.66,3,15,1
16355.0,416.35,1,11,1
16356.0,204.10000000000002,3,12,1
16357.0,209.49,1,17,1
16358.0,892.1500000000001,1,30,1
16359.0,946.83,7,12,3
16362.0,212.17,1,73,1
16365.0,1766.78,7,3,2
16366.0,1220.83,3,218,0
16367.0,549.8100000000001,1,19,1
16368.0,141.53,1,71,1
16369.0,1111.15,4,72,3
16371.0,157.2,1,84,1
16372.0,934.58,3,45,3
16373.0,309.49,2,18,1
16374.0,1250.77,3,38,3
16375.0,104.0,2,106,1
16377.0,632.28,1,253,0
16381.0,247.85,2,31,1
16382.0,353.1,2,44,1
16383.0,2244.23,5,32,2
16384.0,774.4499999999999,2,65,1
16385.0,473.69,3,2,1
16386.0,765.59,1,23,1
16387.0,788.1,4,31,3
16388.0,186.05,1,289,0
16390.0,467.5,3,172,0
16391.0,1048.86,4,36,3
16392.0,537.56,2,49,1
16393.0,2441.61,11,5,2
16395.0,2035.5,9,29,2
16396.0,137.8,1,112,1
16397.0,123.13,1,264,0
16399.0,222.20000000000002,1,25,1
16400.0,2755.92,8,31,2
16401.0,2749.13,11,15,2
16402.0,205.65,1,5,1
16406.0,374.01,2,86,1
16407.0,681.97,4,25,3
16408.0,231.93,1,227,0
16409.0,3629.76,7,16,2
16410.0,130.32,1,370,0
16411.0,673.24,3,5,1
16412.0,457.2,4,29,3
16413.0,259.83,1,11,1
16414.0,424.96000000000004,3,67,1
16415.0,496.49,2,219,0
16416.0,1906.48,6,26,2
16417.0,35.7,1,128,1
16418.0,397.62,2,44,1
16419.0,504.99,2,213,0
16420.0,75.0,1,32,1
16421.0,526.27,3,12,1
16424.0,309.5,1,18,1
16428.0,638.49,3,49,1
16430.0,802.09,5,17,3
16433.0,200.26,1,44,1
16434.0,1161.89,5,82,3
16435.0,1003.0699999999999,3,148,3
16436.0,319.14,3,304,0
16437.0,301.25,2,17,1
16439.0,310.70000000000005,1,358,0
16440.0,216.3,1,129,1
16441.0,631.98,3,53,1
16442.0,282.68,2,240,0
16443.0,162.24,1,156,0
16445.0,352.65,3,22,1
16447.0,471.19,2,226,0
16448.0,178.13,1,107,1
16450.0,1193.81,2,220,0
16451.0,746.1800000000001,2,197,0
16452.0,332.17,2,266,0
16453.0,251.71,2,166,0
16454.0,1.55,1,247,0
16455.0,2535.69,6,7,2
16459.0,71.78999999999999,1,365,0
16461.0,1396.91,2,226,0
16465.0,746.24,2,56,1
16466.0,2171.13,8,19,2
16467.0,2869.16,7,144,2
16468.0,712.62,2,106,1
16469.0,178.48000000000002,1,150,1
16470.0,1664.08,7,32,2
16471.0,966.03,3,29,3
16472.0,789.6,2,70,1
16473.0,154.72,1,10,1
16476.0,350.35,1,67,1
16477.0,1825.56,5,7,3
16481.0,453.38,1,318,0
16485.0,1923.54,4,68,3
16486.0,134.36,1,173,0
16487.0,209.4,2,213,0
16489.0,303.7,2,16,1
16490.0,205.41000000000003,1,72,1
16491.0,801.66,1,49,1
16492.0,385.56,1,176,0
16493.0,780.46,3,80,3
16496.0,731.25,3,67,1
16499.0,2212.89,6,10,2
16500.0,443.05,3,10,1
16501.0,1191.23,1,19,1
16502.0,258.55,2,256,0
16503.0,2182.41,7,31,2
16507.0,142.71,1,208,0
16508.0,240.95,1,266,0
16510.0,1757.25,6,8,2
16511.0,842.16,3,33,3
16515.0,1554.92,5,15,3
16518.0,475.05,2,57,1
16519.0,327.68,3,1,1
16520.0,1427.57,4,1,3
16521.0,1136.36,3,51,3
16522.0,433.36,2,71,1
16523.0,2497.86,7,51,2
16524.0,306.19,2,82,1
16526.0,426.85,1,220,0
16527.0,1004.88,1,60,1
16529.0,1531.55,3,113,3
16530.0,48.349999999999994,1,304,0
16531.0,1053.74,4,17,3
16532.0,2007.84,2,67,3
16534.0,635.9,1,278,0
16535.0,358.28999999999996,1,21,1
16537.0,10.55,1,277,0
16538.0,395.07,3,177,0
16539.0,2343.2,7,9,2
16540.0,205.75,1,50,1
16541.0,424.03,1,371,0
16542.0,137.7,1,37,1
16543.0,292.21,1,227,0
16544.0,376.70000000000005,4,155,1
16545.0,350.52,1,11,1
16547.0,104.25999999999999,1,182,0
16548.0,30.15,1,235,0
16551.0,1315.0,4,59,3
16552.0,95.29,1,9,1
16554.0,2004.6200000000001,5,22,3
16555.0,1629.79,4,141,3
16559.0,175.0,1,33,1
16560.0,2206.9700000000003,6,33,2
16562.0,223.85999999999999,1,112,1
16563.0,3334.82,5,36,2
16564.0,87.8,1,205,0
16565.0,599.35,3,42,1
16568.0,1020.9000000000001,2,63,1
16569.0,1331.03,4,267,0
16570.0,3695.91,10,15,2
16571.0,2827.05,7,31,2
16574.0,850.34,2,59,1
16576.0,540.87,2,56,1
16577.0,380.0,1,302,0
16578.0,156.6,1,262,0
16579.0,295.05,1,61,1
16583.0,297.95,2,9,1
16584.0,2220.09,3,68,3
16585.0,341.59,2,229,0
16586.0,998.83,2,80,1
16588.0,1361.28,4,22,3
16589.0,153.12,1,86,1
16590.0,605.9,2,36,1
16593.0,741.11,5,26,3
16595.0,1397.59,4,12,3
16596.0,329.48,3,2,1
16599.0,172.8,1,21,1
16600.0,1339.89,7,10,2
16601.0,434.3,2,26,1
16602.0,235.25,1,24,1
16604.0,432.45,2,198,0
16605.0,60.48,1,360,0
16606.0,357.66,2,40,1
16607.0,2359.16,11,35,2
16608.0,1286.6200000000001,2,89,3
16611.0,1655.64,5,39,3
16612.0,2057.77,5,15,2
16614.0,673.6,2,38,1
16615.0,291.5,1,262,0
16619.0,1712.1200000000001,3,19,3
16620.0,1579.97,4,25,3
16622.0,225.4,1,179,0
16623.0,885.79,3,37,3
16625.0,1320.95,4,58,3
16628.0,130.05,2,43,1
16630.0,106.80000000000001,1,43,1
16631.0,1892.52,7,117,2
16632.0,406.4,2,121,1
16634.0,1596.71,5,8,3
16635.0,473.0,1,42,1
16638.0,749.8100000000001,6,4,3
16639.0,490.47,1,45,1
16640.0,179.4,1,33,1
16641.0,323.40000000000003,1,337,0
16642.0,389.12,1,51,1
16643.0,435.6,1,58,1
16645.0,160.39,1,371,0
16646.0,678.8,1,85,1
16647.0,327.84,2,78,1
16648.0,382.14,2,91,1
16649.0,306.58000000000004,1,156,0
16650.0,1397.69,6,56,3
16651.0,136.2,1,222,0
16654.0,1110.2,5,4,3
16655.0,2633.74,7,47,2
16658.0,680.83,5,4,3
16660.0,611.9000000000001,3,58,1
16661.0,932.76,4,176,3
16662.0,151.05,1,30,1
16663.0,165.0,1,365,0
16664.0,109.2,1,205,0
16666.0,98.73,1,257,0
16668.0,555.7,7,23,3
16673.0,171.13,1,315,0
16675.0,608.86,2,77,1
16676.0,769.78,2,38,1
16677.0,880.62,2,47,1
16679.0,663.31,3,2,1
16680.0,637.75,2,164,0
16681.0,151.5,1,277,0
16683.0,320.25,1,169,0
16686.0,1921.19,9,25,2
16687.0,157.63,1,26,1
16690.0,127.45,2,29,1
16691.0,178.83,2,54,1
16692.0,638.6999999999999,2,44,1
16693.0,701.62,3,47,1
16694.0,98.30000000000001,1,359,0
16695.0,191.9,2,197,0
16699.0,994.6,7,16,3
16702.0,1109.53,4,51,3
16704.0,664.16,2,254,0
16707.0,533.41,4,36,3
16711.0,1217.45,4,15,3
16712.0,621.5600000000001,2,37,1
16714.0,368.27,1,306,0
16715.0,323.8,1,198,0
16716.0,1248.48,1,266,0
16717.0,3127.85,9,2,2
16718.0,3006.08,5,5,2
16719.0,2169.13,8,4,2
16720.0,413.79,2,12,1
16723.0,654.96,2,79,1
16724.0,147.35,1,40,1
16725.0,1052.14,8,7,2
16726.0,705.14,2,19,1
16727.0,1121.45,3,28,3
16731.0,170.3,1,284,0
16732.0,3783.89,3,39,2
16733.0,259.68,1,165,0
16736.0,2956.56,5,141,2
16737.0,417.59999999999997,1,213,0
16739.0,463.43,1,172,0
16740.0,226.91,1,31,1
16741.0,173.06,1,261,0
16743.0,1999.02,7,92,2
16748.0,2121.43,9,24,2
16752.0,207.5,1,8,1
16755.0,1389.25,4,103,3
16756.0,1072.97,6,40,3
16757.0,163.65,1,45,1
16760.0,228.0,1,66,1
16763.0,352.85,1,374,0
16765.0,420.75,1,18,1
16767.0,2476.85,4,54,2
16768.0,1220.48,6,19,3
16769.0,755.51,3,114,1
16770.0,1152.63,5,8,3
16771.0,1690.49,5,93,3
16772.0,3698.0499999999997,3,59,2
16773.0,249.65,2,72,1
16774.0,905.96,4,59,3
16775.0,1361.23,6,3,3
16776.0,220.97,1,51,1
16777.0,1069.56,3,49,3
16780.0,174.16,1,43,1
16781.0,623.0,2,8,1
16783.0,391.95,1,72,1
16784.0,784.73,4,12,3
16785.0,533.78,1,45,1
16786.0,51.839999999999996,1,29,1
16787.0,1017.53,4,33,3
16788.0,1334.54,3,40,3
16791.0,2251.85,8,19,2
16792.0,513.08,3,19,1
16794.0,856.1999999999999,5,16,3
16795.0,2062.41,3,1,3
16797.0,1802.02,5,29,3
16798.0,841.16,3,190,0
16799.0,452.78000000000003,2,68,1
16802.0,582.61,2,315,0
16805.0,615.75,2,213,0
16807.0,1002.29,3,106,3
16809.0,812.74,4,68,3
16810.0,532.5,1,56,1
16812.0,1912.65,3,14,3
16815.0,406.02,2,89,1
16817.0,1200.15,5,4,3
16819.0,182.59,2,101,1
16821.0,113.35,1,17,1
16822.0,181.39,1,322,0
16823.0,1884.71,6,23,2
16824.0,225.6,1,29,1
16825.0,1051.71,3,14,3
16827.0,387.18,5,29,3
16829.0,316.1,1,24,1
16830.0,881.59,3,78,3
16831.0,91.8,1,200,0
16832.0,218.45999999999998,2,64,1
16833.0,1302.51,2,75,3
16834.0,485.5,1,310,0
16835.0,1357.56,5,9,3
16836.0,530.5,2,42,1
16838.0,570.76,2,166,0
16840.0,139.85,2,239,0
16841.0,2136.2400000000002,6,64,2
16844.0,614.34,2,198,0
16845.0,253.88,1,254,0
16846.0,628.09,2,213,0
16847.0,421.45000000000005,1,254,0
16848.0,1130.2,3,12,3
16854.0,1408.96,2,53,3
16856.0,323.09000000000003,2,53,1
16857.0,352.8,1,78,1
16859.0,1184.6,5,52,3
16860.0,1610.62,3,88,3
16861.0,772.83,3,26,3
16862.0,662.33,4,183,0
16863.0,495.72,2,2,1
16864.0,409.25,2,70,1
16865.0,130.95,1,37,1
16867.0,76.74000000000001,1,325,0
16868.0,384.56,3,30,1
16870.0,450.15999999999997,1,105,1
16872.0,533.11,3,63,1
16874.0,209.89000000000001,1,15,1
16875.0,2139.0,6,73,2
16876.0,136.01,1,39,1
16880.0,321.78,1,129,1
16884.0,641.13,2,192,0
16885.0,232.94,1,21,1
16886.0,134.0,1,92,1
16887.0,465.84000000000003,2,36,1
16888.0,434.2,3,36,1
16889.0,947.98,3,33,3
16890.0,277.91,3,112,1
16891.0,1202.77,7,7,3
16892.0,236.56,2,190,0
16893.0,249.47,2,2,1
16894.0,1306.96,3,138,3
16895.0,900.63,4,74,3
16896.0,103.95,1,191,0
16898.0,496.26,3,4,1
16899.0,424.71000000000004,2,14,1
16901.0,204.26,1,365,0
16903.0,678.55,2,16,1
16904.0,1360.31,7,3,2
16905.0,1921.07,11,7,2
16906.0,850.48,3,64,3
16907.0,722.0500000000001,5,1,3
16908.0,252.59,1,358,0
16911.0,255.25,2,271,0
16912.0,1904.93,4,57,3
16913.0,310.46999999999997,2,287,0
16915.0,921.5,5,22,3
16916.0,530.14,3,8,1
16917.0,1460.3600000000001,1,268,0
16918.0,2137.72,10,58,2
16920.0,355.45,1,47,1
16921.0,255.03,2,78,1
16922.0,611.08,1,208,0
16925.0,125.65,1,176,0
16926.0,1169.6100000000001,5,7,3
16928.0,1107.58,10,9,2
16931.0,629.4,3,5,1
16932.0,262.32,2,59,1
16933.0,2536.07,7,25,2
16934.0,1152.1100000000001,4,19,3
16935.0,530.86,3,17,1
16936.0,286.39,1,21,1
16937.0,196.25,1,135,1
16939.0,433.85,3,124,1
16940.0,3377.78,5,86,2
16941.0,33.0,1,247,0
16944.0,101.36,1,245,0
16946.0,1222.04,5,19,3
16947.0,540.23,3,98,1
16948.0,433.75,4,65,1
16950.0,2527.21,8,3,2
16952.0,628.22,3,77,1
16955.0,790.74,4,4,3
16958.0,778.49,1,71,1
16960.0,1483.83,5,26,3
16961.0,560.39,2,24,1
16962.0,251.04,1,45,1
16964.0,207.85,2,369,0
16970.0,71.4,1,262,0
16972.0,749.0,2,18,1
16973.0,127.0,1,22,1
16974.0,365.5,2,158,0
16975.0,926.12,3,59,3
16977.0,496.0,4,31,3
16978.0,424.55,2,302,0
16979.0,1007.74,3,19,3
16980.0,394.37,1,64,1
16983.0,1748.15,5,5,3
16986.0,3015.55,9,81,2
16987.0,882.65,4,12,3
16988.0,256.55,1,15,1
16990.0,165.0,1,58,1
16991.0,1041.21,1,57,1
16993.0,1950.9499999999998,2,99,3
16996.0,666.6500000000001,3,18,1
16998.0,107.0,1,80,1
17000.0,406.3,2,32,1
17001.0,2651.23,8,12,2
17002.0,1077.82,4,79,3
17003.0,828.21,4,38,3
17004.0,1012.22,2,28,1
17005.0,622.36,2,106,1
17006.0,853.49,4,28,3
17007.0,230.17000000000002,1,73,1
17008.0,81.36,1,65,1
17009.0,242.06,1,187,0
17011.0,400.8,2,283,0
17012.0,360.61,1,361,0
17016.0,552.4,1,212,0
17018.0,1367.6,4,23,3
17019.0,2687.73,8,4,2
17020.0,935.62,2,178,0
17021.0,1182.22,6,78,3
17022.0,189.0,1,68,1
17023.0,800.18,3,53,3
17025.0,1152.87,4,9,3
17026.0,54.15,2,5,1
17027.0,433.07,3,82,1
17028.0,1593.83,3,217,0
17029.0,1421.3,5,18,3
17031.0,2393.5,4,14,3
17032.0,2896.69,5,239,2
17033.0,302.65000000000003,1,33,1
17034.0,530.9,2,45,1
17035.0,180.06,2,227,0
17036.0,176.9,1,19,1
17038.0,630.77,1,51,1
17039.0,1954.99,1,240,0
17040.0,13.52,1,186,0
17041.0,583.71,3,33,1
17043.0,858.47,4,11,3
17045.0,488.24,2,12,1
17046.0,1264.05,4,80,3
17047.0,1188.33,3,67,3
17048.0,1146.33,4,73,3
17050.0,1162.82,4,11,3
17051.0,465.6,3,82,1
17055.0,232.85,1,81,1
17056.0,128.60000000000002,1,374,0
17057.0,288.79,1,232,0
17059.0,2506.54,5,5,2
17062.0,640.77,4,1,3
17063.0,2177.39,6,43,2
17065.0,194.7,2,273,0
17066.0,228.34,1,362,0
17067.0,454.54,3,360,0
17069.0,3084.58,6,9,2
17070.0,133.18,1,46,1
17071.0,1364.68,4,17,3
17072.0,273.35,1,261,0
17074.0,203.05,1,198,0
17075.0,1402.51,6,65,3
17076.0,401.66999999999996,3,28,1
17077.0,306.0,1,214,0
17080.0,669.91,5,15,3
17081.0,660.48,4,31,3
17082.0,2728.18,4,30,2
17083.0,2644.01,6,45,2
17084.0,2253.22,1,32,3
17087.0,221.53,1,373,0
17089.0,128.45,1,22,1
17090.0,1105.53,6,10,3
17092.0,3737.38,7,73,2
17093.0,235.88,1,228,0
17094.0,100.2,1,59,1
17095.0,1248.09,4,66,3
17096.0,2675.8,7,19,2
17097.0,363.66,2,1,1
17098.0,591.0699999999999,3,17,1
17099.0,582.17,1,169,0
17101.0,885.3199999999999,3,30,3
17103.0,424.3,1,358,0
17104.0,474.03,1,59,1
17106.0,481.58,1,25,1
17108.0,174.95,1,299,0
17109.0,410.42,2,42,1
17110.0,336.59999999999997,2,156,0
17111.0,227.97,1,61,1
17112.0,197.57,1,138,1
17113.0,2305.59,6,210,2
17115.0,1923.99,4,184,3
17116.0,389.78,1,284,0
17121.0,314.74,1,38,1
17122.0,432.18,3,24,1
17123.0,621.37,2,75,1
17126.0,1019.48,4,17,3
17127.0,1155.0300000000002,5,64,3
17129.0,31.85,1,156,0
17132.0,1220.9099999999999,2,88,3
17134.0,212.1,1,78,1
17135.0,792.23,4,7,3
17136.0,231.68,1,298,0
17137.0,1099.81,6,52,3
17141.0,727.58,4,54,3
17142.0,696.25,3,40,1
17143.0,880.97,2,53,1
17145.0,3120.91,4,148,2
17147.0,1485.36,5,88,3
17149.0,143.10000000000002,1,87,1
17150.0,1357.95,6,12,3
17151.0,231.90000000000003,1,371,0
17152.0,327.0,1,61,1
17155.0,640.76,5,163,3
17156.0,591.87,1,127,1
17158.0,713.03,2,183,0
17159.0,560.71,2,113,1
17161.0,856.01,1,80,1
17163.0,406.68,2,81,1
17165.0,1635.64,5,17,3
17167.0,867.11,3,15,3
17168.0,400.2,1,134,1
17169.0,320.95,1,214,0
17170.0,178.68,2,10,1
17171.0,159.68,1,297,0
17172.0,638.81,2,66,1
17176.0,596.1899999999999,2,162,0
17177.0,119.5,1,141,1
17178.0,432.96,1,367,0
17179.0,795.47,3,18,3
17180.0,1452.8,7,58,2
17181.0,225.45000000000002,2,9,1
17182.0,321.3,2,58,1
17184.0,198.41000000000003,2,205,0
17185.0,229.46,3,227,0
17187.0,263.76,1,162,0
17188.0,2118.7000000000003,6,82,2
17189.0,569.88,3,196,0
17190.0,1279.99,5,39,3
17191.0,2726.77,11,4,2
17192.0,75.28,1,172,0
17193.0,610.74,2,22,1
17194.0,549.88,1,166,0
17195.0,562.98,1,291,0
17196.0,327.75,1,63,1
17198.0,521.66,2,1,1
17199.0,135.04000000000002,1,218,0
17200.0,356.71,4,23,1
17201.0,842.8199999999999,3,159,3
17202.0,160.65,1,56,1
17203.0,2004.01,4,24,3
17205.0,615.27,2,52,1
17207.0,291.77,1,288,0
17208.0,111.15,1,31,1
17209.0,595.7,3,285,0
17210.0,251.72,1,28,1
17211.0,1729.43,6,5,2
17212.0,567.5600000000001,2,94,1
17213.0,2401.07,7,2,2
17215.0,186.15,1,100,1
17216.0,63.6,1,190,0
17217.0,96.6,1,255,0
17218.0,2224.96,9,4,2
17219.0,144.9,1,52,1
17220.0,1263.86,7,53,3
17221.0,642.14,3,227,0
17222.0,1234.96,5,113,3
17223.0,398.99,2,4,1
17224.0,100.86,1,137,1
17225.0,131.15,1,217,0
17226.0,501.97999999999996,2,80,1
17227.0,1081.8600000000001,7,4,3
17228.0,1269.8899999999999,7,3,2
17233.0,369.98,2,84,1
17235.0,1354.82,7,8,2
17236.0,1013.13,6,46,3
17237.0,679.44,2,11,1
17239.0,806.95,3,23,3
17240.0,130.6,1,232,0
17242.0,1754.24,3,92,3
17244.0,871.14,4,19,3
17245.0,200.18,1,325,0
17246.0,38.92,2,182,0
17248.0,181.89000000000001,1,117,1
17249.0,68.03,1,64,1
17251.0,529.15,2,18,1
17254.0,198.29,1,37,1
17255.0,490.21999999999997,2,26,1
17256.0,258.93,3,117,1
17257.0,189.78,2,72,1
17258.0,417.3,2,32,1
17259.0,1239.11,5,4,3
17260.0,120.95,1,47,1
17261.0,221.59,1,145,1
17262.0,1504.26,7,2,2
17264.0,268.28,1,60,1
17266.0,205.14,2,135,1
17268.0,970.25,7,81,3
17269.0,491.81,1,21,1
17270.0,601.4499999999999,2,105,1
17271.0,204.3,1,372,0
17273.0,141.12,1,60,1
17274.0,465.4,1,31,1
17275.0,114.1,1,19,1
17276.0,501.24,1,38,1
17278.0,25.2,1,201,0
17280.0,118.85999999999999,1,74,1
17281.0,797.8499999999999,6,10,3
17282.0,623.08,2,92,1
17283.0,188.46,1,14,1
17284.0,911.12,1,25,1
17285.0,400.44,2,264,0
17286.0,237.81,2,36,1
17288.0,1050.8,4,26,3
17289.0,1110.78,6,12,3
17290.0,914.47,6,17,3
17292.0,271.75,2,108,1
17293.0,1896.57,8,30,2
17294.0,467.78999999999996,2,305,0
17296.0,338.13,1,366,0
17298.0,439.94,3,10,1
17299.0,336.62,2,75,1
17300.0,393.64,2,26,1
17301.0,131.15,1,260,0
17304.0,111.5,1,170,0
17305.0,2135.46,1,284,0
17306.0,1151.04,2,29,3
17309.0,237.64000000000001,2,17,1
17310.0,1025.1,2,23,1
17311.0,2181.71,4,28,3
17314.0,2376.51,9,29,2
17315.0,3318.35,5,11,2
17316.0,124.45,1,56,1
17318.0,157.32999999999998,1,361,0
17319.0,29.1,1,305,0
17320.0,1695.15,4,4,3
17321.0,1008.05,4,30,3
17322.0,922.59,5,12,3
17323.0,644.52,5,43,3
17324.0,1311.64,9,2,2
17325.0,512.77,2,46,1
17326.0,312.35,2,44,1
17327.0,152.35,2,45,1
17328.0,104.7,1,309,0
17329.0,475.42,3,367,0
17330.0,59.900000000000006,2,180,0
17332.0,827.77,5,164,3
17334.0,328.13,1,42,1
17335.0,497.04,2,19,1
17336.0,81.12,1,108,1
17339.0,119.0,2,1,1
17341.0,1006.53,3,2,3
17342.0,1227.54,4,15,3
17343.0,1066.3,5,12,3
17344.0,299.74,1,364,0
17345.0,1066.94,6,11,3
17348.0,1274.39,4,73,3
17349.0,674.16,4,16,3
17350.0,612.381,3,30,1
17351.0,1377.23,9,63,2
17352.0,36.25,1,332,0
17353.0,1502.0,2,127,3
17354.0,1740.8999999999999,3,64,3
17355.0,273.31,1,22,1
17356.0,768.25,4,190,0
17358.0,500.2,3,12,1
17359.0,156.6,1,284,0
17360.0,632.27,3,21,1
17361.0,383.59000000000003,2,312,0
17362.0,711.8100000000001,5,36,3
17363.0,920.46,3,31,3
17365.0,3417.13,7,22,2
17366.0,1077.24,2,68,1
17368.0,879.42,6,11,3
17369.0,979.1999999999999,1,91,1
17371.0,232.97,3,259,0
17373.0,520.58,3,54,1
17374.0,231.34,1,31,1
17375.0,260.45,1,67,1
17376.0,250.44,2,40,1
17378.0,10.95,1,10,1
17380.0,645.0,3,70,1
17382.0,836.88,7,71,3
17383.0,110.69999999999999,1,89,1
17384.0,171.15,1,103,1
17386.0,126.35000000000001,1,21,1
17388.0,1415.81,7,56,2
17390.0,149.3,1,56,1
17392.0,168.65,1,86,1
17393.0,381.15,2,46,1
17395.0,97.5,1,144,1
17396.0,1476.3,7,7,2
17397.0,516.87,1,52,1
17400.0,2525.44,3,217,3
17401.0,114.85,1,177,0
17403.0,118.95,1,86,1
17406.0,2704.63,11,2,2
17407.0,552.9,1,47,1
17408.0,283.44000000000005,2,136,1
17411.0,646.44,2,22,1
17412.0,3159.46,10,8,2
17413.0,560.14,2,40,1
17414.0,1471.52,4,59,3
17417.0,164.18,1,184,0
17418.0,206.60000000000002,1,23,1
17419.0,2273.95,8,3,2
17420.0,485.6,4,9,3
17421.0,1059.41,3,22,3
17422.0,1615.39,5,17,3
17423.0,420.54,1,29,1
17426.0,3040.51,7,88,2
17429.0,832.54,2,32,1
17430.0,469.40999999999997,3,1,1
17432.0,1363.23,7,21,2
17433.0,266.8,1,21,1
17435.0,331.35,1,47,1
17436.0,317.76,3,44,1
17437.0,369.68,1,165,0
17438.0,1034.32,4,80,3
17439.0,325.74,1,291,0
17440.0,137.16,1,185,0
17441.0,293.35,1,368,0
17442.0,2371.74,9,17,2
17449.0,2348.94,6,23,2
17454.0,1030.41,6,98,3
17456.0,975.5600000000001,2,1,1
17458.0,213.08,1,17,1
17463.0,659.4,2,196,0
17464.0,617.1800000000001,2,158,0
17465.0,2542.79,7,61,2
17467.0,102.6,1,31,1
17468.0,57.8,1,11,1
17470.0,1679.8,7,3,2
17471.0,321.65000000000003,1,110,1
17472.0,224.81,1,264,0
17473.0,607.0,2,44,1
17474.0,1047.0,1,235,0
17476.0,489.86,2,31,1
17477.0,1144.3,2,248,0
17478.0,1272.8,2,44,3
17479.0,389.26000000000005,1,268,0
17480.0,370.40999999999997,1,80,1
17482.0,775.64,2,123,1
17483.0,177.69,1,50,1
17484.0,209.57,2,212,0
17487.0,160.55,1,364,0
17488.0,336.5,1,277,0
17490.0,658.18,2,24,1
17491.0,2422.2000000000003,8,3,2
17492.0,747.85,2,114,1
17493.0,100.91000000000001,1,21,1
17494.0,54.699999999999996,1,137,1
17495.0,309.16,1,26,1
17496.0,1141.84,3,199,0
17497.0,287.25,2,26,1
17499.0,718.51,1,197,0
17505.0,1289.64,3,186,3
17510.0,206.07999999999998,1,56,1
17512.0,2542.83,8,88,2
17513.0,645.6,2,44,1
17514.0,313.35,1,305,0
17515.0,963.49,5,30,3
17516.0,182.62,1,14,1
17518.0,329.42,2,61,1
17519.0,3265.45,10,4,2
17521.0,554.85,2,30,1
17524.0,394.14,2,74,1
17525.0,739.2,2,33,1
17526.0,2970.14,9,1,2
17529.0,1240.25,2,246,0
17530.0,725.21,3,1,1
17531.0,970.12,2,163,0
17532.0,65.34,1,21,1
17533.0,34.8,1,70,1
17534.0,1445.47,4,87,3
17536.0,288.33,2,56,1
17539.0,1161.84,3,264,0
17540.0,1011.7,4,19,3
17541.0,119.86,1,145,1
17542.0,170.1,2,277,0
17543.0,120.05,1,185,0
17544.0,944.82,3,26,3
17545.0,767.54,3,26,3
17547.0,727.85,2,11,1
17548.0,627.96,3,14,1
17550.0,2239.48,6,33,2
17552.0,2154.88,10,8,2
17553.0,2270.0,3,108,3
17555.0,565.43,3,61,1
17556.0,142.77,1,15,1
17557.0,34.0,1,368,0
17558.0,259.17,1,29,1
17559.0,167.62,1,148,1
17560.0,1040.85,4,31,3
17561.0,537.9,3,26,1
17563.0,392.38,2,214,0
17565.0,131.83,1,222,0
17567.0,1024.55,2,8,1
17568.0,374.45,1,269,0
17571.0,205.23999999999998,1,178,0
17572.0,496.26000000000005,7,9,3
17575.0,171.7,1,303,0
17577.0,348.75,2,281,0
17578.0,903.87,6,110,3
17579.0,304.38,1,214,0
17580.0,325.3,2,12,1
17582.0,1271.68,4,82,3
17583.0,135.95,1,196,0
17585.0,948.03,3,81,3
17586.0,167.4,1,255,0
17587.0,173.76,1,264,0
17588.0,1699.35,4,32,3
17591.0,519.95,2,3,1
17592.0,148.3,1,374,0
17594.0,1504.7,2,85,3
17596.0,2075.7400000000002,7,4,2
17597.0,1439.72,4,54,3
17598.0,409.98,1,17,1
17599.0,52.05,1,113,1
17601.0,296.65,1,16,1
17602.0,2300.01,8,108,2
17603.0,1393.66,3,253,0
17604.0,633.02,4,58,3
17605.0,160.75,1,226,0
17606.0,87.30000000000001,1,373,0
17607.0,333.81,1,12,1
17608.0,296.07,2,85,1
17609.0,777.0799999999999,6,38,3
17610.0,1511.94,5,176,3
17615.0,392.2,3,23,1
17616.0,489.59999999999997,2,3,1
17617.0,385.19,1,194,0
17618.0,3071.36,8,19,2
17621.0,1795.22,3,40,3
17622.0,1130.21,2,233,0
17623.0,1838.72,6,45,2
17624.0,725.15,2,73,1
17626.0,254.0,1,238,0
17627.0,296.36,1,114,1
17629.0,641.4,2,24,1
17631.0,470.16,4,10,3
17633.0,732.55,3,15,1
17635.0,1265.58,3,60,3
17638.0,842.4,2,283,0
17639.0,506.67,5,23,3
17640.0,2547.28,5,15,2
17642.0,1112.2,3,65,3
17643.0,439.7,2,9,1
17644.0,3132.96,9,30,2
17646.0,3141.4,10,1,2
17647.0,198.6,2,305,0
17648.0,418.87,1,21,1
17649.0,710.4,2,105,1
17651.0,1758.52,6,134,3
17655.0,1013.54,3,2,3
17657.0,126.0,1,66,1
17659.0,835.33,3,8,3
17660.0,163.47,1,373,0
17662.0,412.92,2,297,0
17663.0,3372.92,10,53,2
17664.0,561.59,2,110,1
17665.0,563.1,1,129,1
17666.0,1319.6399999999999,3,113,3
17667.0,1895.19,4,71,3
17669.0,2735.63,3,98,3
17671.0,830.63,2,1,1
17672.0,2485.57,4,53,2
17673.0,2578.91,7,11,2
17674.0,300.66,1,4,1
17676.0,1378.16,5,2,3
17678.0,301.65,1,239,0
17679.0,1585.5,5,157,3
17680.0,313.05,2,19,1
17681.0,731.2,5,233,0
17682.0,1982.45,6,4,2
17683.0,819.01,3,21,3
17685.0,2751.64,6,8,2
17686.0,2557.35,2,59,3
17687.0,432.68,1,56,1
17688.0,304.2,1,29,1
17689.0,317.08,2,24,1
17690.0,2685.2,8,2,2
17691.0,489.65000000000003,3,4,1
17692.0,2234.86,8,32,2
17694.0,1412.85,2,147,3
17695.0,980.7,3,30,3
17699.0,442.0,2,112,1
17702.0,1319.67,2,19,3
17703.0,296.1,1,54,1
17705.0,260.38,2,91,1
17707.0,456.90000000000003,6,12,3
17708.0,620.85,2,38,1
17709.0,533.56,4,106,3
17710.0,293.5,1,59,1
17713.0,1198.09,4,18,3
17714.0,1257.18,4,60,3
17715.0,163.2,1,228,0
17717.0,376.92,1,57,1
17718.0,299.83,1,280,0
17720.0,1572.97,7,3,2
17721.0,307.21000000000004,1,295,0
17722.0,2006.32,2,2,3
17723.0,102.0,1,11,1
17726.0,1092.06,7,31,3
17728.0,1362.75,2,40,3
17729.0,438.65000000000003,1,232,0
17730.0,2475.32,7,18,2
17731.0,468.88,2,257,0
17732.0,2166.42,8,8,2
17734.0,741.69,3,161,0
17738.0,2304.51,9,31,2
17740.0,426.9,6,25,3
17741.0,101.1,2,42,1
17742.0,1743.3700000000001,9,64,2
17743.0,229.2,1,84,1
17744.0,326.74,1,16,1
17745.0,600.34,2,113,1
17746.0,793.9300000000001,3,107,3
17748.0,358.15,1,163,0
17749.0,351.66,1,182,0
17751.0,157.85999999999999,1,57,1
17753.0,382.06,4,100,1
17754.0,2786.57,8,10,2
17756.0,728.75,3,11,1
17758.0,1555.83,4,63,3
17759.0,441.92,2,29,1
17760.0,631.34,5,9,3
17762.0,129.75,1,92,1
17763.0,71.15,3,289,0
17764.0,741.02,3,38,1
17765.0,156.37,1,84,1
17766.0,299.61,2,17,1
17767.0,141.85,1,46,1
17768.0,1210.83,4,23,3
17769.0,3095.95,7,19,2
17771.0,141.6,2,72,1
17772.0,187.3,1,28,1
17773.0,575.37,2,150,1
17774.0,2059.1,5,33,3
17776.0,329.3,2,22,1
17778.0,197.70000000000002,1,297,0
17780.0,346.56,3,303,0
17782.0,679.02,2,18,1
17783.0,93.49,1,148,1
17784.0,112.86,1,186,0
17785.0,271.44,2,81,1
17787.0,736.28,1,7,1
17789.0,171.25,1,297,0
17790.0,815.11,6,14,3
17792.0,368.35,2,103,1
17794.0,147.3,2,322,0
17796.0,661.04,4,5,3
17797.0,1191.44,5,31,3
17798.0,172.17,1,217,0
17799.0,3207.76,10,25,2
17801.0,770.03,3,87,1
17802.0,3761.38,8,8,2
17803.0,184.66,1,28,1
17804.0,383.78000000000003,3,12,1
17805.0,414.72,1,246,0
17807.0,437.87,3,31,1
17808.0,262.64,4,184,0
17810.0,343.21,2,304,0
17811.0,1757.98,8,10,2
17812.0,405.48,4,4,1
17814.0,1609.37,2,11,3
17815.0,591.96,1,29,1
17816.0,75.76,3,1,1
17817.0,400.46999999999997,3,14,1
17818.0,124.78,1,373,0
17819.0,2907.65,6,7,2
17820.0,180.60999999999999,1,10,1
17821.0,334.62,1,42,1
17822.0,2154.08,5,56,2
17823.0,449.25,2,57,1
17825.0,701.96,4,234,0
17826.0,133.34,1,10,1
17827.0,388.84,1,257,0
17833.0,338.46000000000004,1,359,0
17834.0,689.6700000000001,2,50,1
17838.0,3786.7000000000003,10,1,2
17840.0,175.9,1,79,1
17842.0,430.69,1,238,0
17843.0,114.92,1,47,1
17845.0,596.09,4,191,0
17847.0,125.74000000000001,2,151,1
17849.0,457.96000000000004,4,116,3
17851.0,1552.35,6,58,3
17852.0,543.47,3,24,1
17853.0,1596.29,3,43,3
17854.0,757.24,4,98,3
17855.0,208.97,1,8,1
17857.0,1803.2,2,1,3
17860.0,717.39,4,4,3
17861.0,2990.41,10,21,2
17862.0,923.99,3,21,3
17863.0,2585.2,7,5,2
17864.0,321.72,2,21,1
17866.0,805.3000000000001,2,120,1
17867.0,402.85,8,46,3
17868.0,227.15,1,22,1
17869.0,599.78,3,4,1
17870.0,1213.8,2,2,3
17871.0,913.05,4,33,3
17872.0,235.87,1,17,1
17875.0,167.1,1,324,0
17876.0,3424.02,3,35,2
17878.0,999.48,2,31,1
17880.0,366.0,2,275,0
17882.0,291.56,2,15,1
17883.0,324.08,3,175,0
17886.0,703.27,3,73,1
17889.0,545.05,5,10,3
17894.0,1292.39,11,2,2
17897.0,1921.9,8,3,2
17898.0,147.12,2,88,1
17901.0,149.7,2,157,0
17902.0,216.39999999999998,1,182,0
17903.0,381.09000000000003,1,30,1
17905.0,1569.8799999999999,10,9,2
17907.0,291.76,1,276,0
17908.0,1142.47,5,9,3
17909.0,110.05,1,373,0
17910.0,261.7,1,362,0
17912.0,61.54,1,11,1
17915.0,225.78,1,187,0
17916.0,43.87,2,264,0
17918.0,388.44,3,136,1
17919.0,536.28,1,74,1
17921.0,1574.13,6,15,3
17922.0,170.4,1,179,0
17923.0,289.5,2,163,0
17924.0,574.2,2,9,1
17925.0,244.08,1,8,1
17926.0,638.2,3,80,1
17927.0,294.0,1,357,0
17928.0,128.7,1,207,0
17929.0,2239.1,8,23,2
17930.0,2534.74,8,29,2
17933.0,105.99,1,268,0
17934.0,344.90000000000003,1,42,1
17935.0,540.35,5,36,3
17938.0,144.29,1,56,1
17941.0,1128.72,3,226,0
17944.0,74.99,1,59,1
17945.0,359.5,3,332,0
17950.0,947.26,6,1,3
17951.0,627.5400000000001,2,9,1
17952.0,788.46,4,14,3
17953.0,148.67000000000002,1,176,0
17954.0,1616.38,9,3,2
17955.0,392.6,2,291,0
17958.0,465.42,1,364,0
17959.0,140.75,1,228,0
17960.0,61.300000000000004,2,158,0
17962.0,563.5,3,185,0
17963.0,643.16,4,107,3
17964.0,261.76,1,8,1
17966.0,865.49,5,227,0
17967.0,223.42,2,7,1
17968.0,590.4399999999999,4,9,3
17971.0,161.94,1,184,0
17974.0,1035.1,3,17,3
17976.0,321.79,1,8,1
17977.0,1223.31,1,36,1
17978.0,1159.99,4,1,3
17980.0,201.27,1,29,1
17981.0,239.12,1,46,1
17982.0,138.18,1,316,0
17983.0,171.71,1,31,1
17984.0,996.01,4,28,3
17987.0,766.87,4,12,3
17988.0,284.57,6,123,3
17989.0,207.32999999999998,1,15,1
17990.0,896.77,3,16,3
17991.0,205.3,1,227,0
17992.0,252.88,1,25,1
17993.0,225.99,1,253,0
17994.0,1589.1399999999999,7,24,2
17995.0,419.38,2,18,1
17996.0,469.73,3,15,1
17998.0,639.24,3,16,1
17999.0,338.41,2,2,1
18000.0,124.25,1,200,0
18001.0,509.01,4,85,3
18002.0,237.62,4,11,1
18003.0,353.51,1,12,1
18006.0,524.83,3,17,1
18007.0,215.22,1,28,1
18009.0,1896.84,7,178,2
18011.0,410.79,2,9,1
18012.0,115.3,1,359,0
18016.0,476.90000000000003,2,46,1
18017.0,165.0,1,67,1
18018.0,175.85,2,35,1
18020.0,190.48000000000002,1,179,0
18021.0,216.41,2,145,1
18022.0,893.9,4,21,3
18025.0,1177.72,6,15,3
18026.0,2074.07,2,136,3
18028.0,192.05,1,219,0
18029.0,433.77,1,278,0
18031.0,451.3,1,14,1
18034.0,334.67,1,11,1
18035.0,546.34,2,21,1
18036.0,1142.37,8,21,2
18037.0,97.39999999999999,9,57,3
18038.0,141.48,1,192,0
18039.0,548.22,4,10,3
18042.0,116.1,1,177,0
18043.0,287.91,1,2,1
18044.0,1417.01,8,23,2
18046.0,189.63,1,285,0
18047.0,326.09,2,17,1
18048.0,222.64,1,129,1
18049.0,500.5,2,73,1
18050.0,337.66,1,29,1
18051.0,2282.28,7,270,2
18053.0,271.05,2,161,0
18054.0,176.5,1,28,1
18056.0,190.95,1,254,0
18057.0,1168.14,3,29,3
18058.0,603.9,2,177,0
18060.0,1185.46,2,44,3
18062.0,912.15,3,22,3
18063.0,186.60000000000002,2,26,1
18064.0,3667.83,9,82,2
18066.0,1122.4,2,22,3
18069.0,2439.78,6,19,2
18070.0,314.1,1,305,0
18071.0,975.63,5,1,3
18074.0,1019.44,2,9,1
18075.0,3171.54,10,10,2
18076.0,151.49,1,16,1
18077.0,1699.25,8,2,2
18078.0,389.40000000000003,2,61,1
18079.0,590.78,1,127,1
18083.0,463.53,1,33,1
18084.0,704.75,2,19,1
18085.0,955.8000000000001,3,9,3
18089.0,428.45,1,82,1
18090.0,321.9,1,57,1
18091.0,360.85,1,229,0
18093.0,2346.19,4,80,3
18094.0,3374.2200000000003,6,82,2
18095.0,1723.04,3,63,3
18096.0,789.1,3,78,3
18097.0,1965.52,5,21,3
18098.0,527.94,1,32,1
18100.0,451.56,1,186,0
18101.0,399.61,3,10,1
18103.0,105.8,1,185,0
18106.0,1019.16,5,112,3
18107.0,165.88,1,78,1
18108.0,577.8100000000001,2,232,0
18110.0,193.48000000000002,1,47,1
18111.0,405.85,1,225,0
18112.0,420.67,2,54,1
18113.0,76.32000000000001,1,4,1
18115.0,9.700000000000001,1,333,0
18116.0,731.38,5,12,3
18118.0,1068.05,4,5,3
18119.0,180.7,1,3,1
18123.0,92.2,1,149,1
18124.0,102.65,1,108,1
18127.0,209.05,1,39,1
18128.0,399.29,1,173,0
18131.0,222.95999999999998,1,267,0
18132.0,220.13,1,140,1
18134.0,445.0,2,234,0
18135.0,567.71,5,28,3
18136.0,847.03,2,45,1
18137.0,145.99,2,187,0
18140.0,536.41,1,109,1
18141.0,882.47,2,37,1
18144.0,2169.25,8,9,2
18145.0,2748.19,7,18,2
18148.0,112.85000000000001,1,282,0
18149.0,941.88,4,40,3
18151.0,1226.09,4,56,3
18152.0,426.69,1,282,0
18153.0,246.22,1,295,0
18154.0,533.41,3,24,1
18156.0,186.88,1,5,1
18157.0,213.9,1,207,0
18160.0,365.82,1,22,1
18161.0,184.41,1,15,1
18162.0,371.51,1,368,0
18163.0,728.84,1,220,0
18166.0,175.5,1,259,0
18168.0,2538.7599999999998,11,8,2
18170.0,1897.69,6,10,2
18171.0,1206.0,4,106,3
18173.0,589.52,1,248,0
18174.0,58.5,1,239,0
18175.0,176.1,1,311,0
18177.0,875.45,3,196,0
18179.0,754.38,2,158,0
18181.0,821.49,4,36,3
18182.0,291.13,1,99,1
18186.0,329.58,1,358,0
18187.0,724.89,1,267,0
18188.0,1279.55,3,66,3
18189.0,313.49,1,261,0
18190.0,461.16,3,239,0
18191.0,321.59999999999997,1,113,1
18193.0,963.59,2,16,1
18194.0,3188.2000000000003,5,74,2
18195.0,101.16,1,23,1
18196.0,768.64,2,107,1
18197.0,230.1,1,211,0
18199.0,344.75,1,319,0
18201.0,447.53000000000003,1,358,0
18203.0,322.1,3,17,1
18206.0,314.65999999999997,1,189,0
18207.0,544.47,1,135,1
18208.0,360.08,1,201,0
18210.0,147.45,1,18,1
18212.0,298.3,1,313,0
18214.0,1780.34,4,166,3
18215.0,1933.15,4,73,3
18217.0,323.29,2,149,1
18218.0,479.91999999999996,2,232,0
18219.0,1493.1200000000001,8,4,2
18220.0,1616.48,5,30,3
18221.0,383.33,1,26,1
18227.0,295.0,1,120,1
18229.0,3526.81,10,2,2
18230.0,1480.8600000000001,2,14,3
18234.0,179.6,1,187,0
18236.0,913.11,6,24,3
18238.0,270.92,1,151,1
18239.0,588.75,2,8,1
18241.0,913.9,4,51,3
18242.0,1372.72,4,81,3
18243.0,515.78,1,50,1
18244.0,568.64,2,66,1
18246.0,162.72,1,245,0
18247.0,839.73,3,50,3
18252.0,1015.42,5,184,3
18253.0,317.88,1,278,0
18254.0,267.9,1,217,0
18255.0,199.85,1,92,1
18256.0,110.7,1,23,1
18257.0,2247.52,4,82,3
18258.0,2059.67,6,100,2
18259.0,1979.6000000000001,5,2,3
18262.0,428.06,2,29,1
18264.0,603.25,1,134,1
18266.0,251.1,1,70,1
18267.0,269.37,1,308,0
18268.0,1464.73,5,227,3
18269.0,168.6,1,2,1
18270.0,161.4,1,68,1
18271.0,680.85,2,245,0
18272.0,1307.4,3,184,3
18273.0,153.0,1,226,0
18275.0,741.85,2,214,0
18276.0,1320.66,5,28,3
18277.0,1069.67,4,33,3
18278.0,240.3,1,40,1
18279.0,231.33999999999997,1,155,0
18280.0,307.55,1,30,1
18281.0,120.32,1,213,0
18283.0,619.37,6,18,3
18284.0,411.68,1,67,1
18285.0,377.0,1,296,0
18286.0,1246.43,2,112,3
18287.0,2295.71,4,18,3
