MonetaryValue,Frequency,Recency
149.57,1,176
230.17000000000002,1,72
305.05,1,15
804.82,3,37
924.52,3,59
2244.7,3,213
638.6999999999999,2,43
442.0,2,111
543.89,2,44
1077.2,2,16
1388.81,4,244
1441.55,3,100
124.46,1,144
869.01,4,1
3070.54,2,157
370.63,1,301
314.67,1,65
306.36,1,95
2442.47,8,8
1603.6,4,74
309.49,2,17
919.7,1,70
147.45,1,17
916.12,1,20
257.28000000000003,2,3
1024.55,2,7
239.9,1,63
251.1,1,69
621.5600000000001,2,36
390.85,1,301
512.77,2,45
61.54,1,10
301.58000000000004,1,55
2210.64,5,25
507.45,2,195
897.52,6,36
437.15,3,35
591.28,3,29
389.26000000000005,1,267
512.68,1,70
357.6,1,122
1637.33,7,17
2776.44,4,52
370.45,2,55
3084.58,6,8
83.0,2,98
2661.54,9,10
204.24,1,368
549.88,1,165
307.21000000000004,1,294
1276.66,4,17
359.35,1,174
366.0,2,274
1504.26,7,1
1579.07,2,57
386.03,2,0
3260.0,7,55
1443.03,2,11
805.07,4,11
631.6800000000001,2,9
96.55,1,161
726.25,5,0
102.6,1,30
796.9,5,16
623.49,2,53
2502.82,5,20
449.96999999999997,3,119
2161.19,9,46
636.25,2,91
871.82,1,135
2133.12,2,48
201.73,1,21
188.69,1,368
622.6700000000001,2,136
3765.2,5,35
2253.22,1,31
215.46,1,318
180.75,1,140
387.84,1,20
311.37,1,147
1623.94,2,20
2497.86,7,50
372.8,2,49
304.97,1,154
730.42,1,214
185.35,1,37
3188.2000000000003,5,73
157.70000000000002,1,120
824.48,2,17
1183.39,4,14
313.64,1,361
455.25,1,219
1271.06,3,78
174.57999999999998,1,46
476.92,2,18
1310.3400000000001,4,135
1923.99,4,183
1496.67,4,42
628.4399999999999,4,98
173.66,1,144
198.09,2,129
2248.3,5,71
875.31,2,85
2146.39,5,109
347.49,1,186
217.73,1,195
2069.3,4,99
849.56,2,73
2740.91,7,6
1381.19,8,11
1060.7,6,108
326.25,2,34
187.35000000000002,1,245
235.78,1,197
132.5,1,290
649.32,5,18
1357.56,5,8
1878.92,3,72
299.4,6,97
837.53,2,73
444.94,2,34
402.72,3,240
490.32,3,34
2312.7,2,14
266.6,1,212
2542.83,8,87
881.72,7,88
119.5,1,140
574.48,3,60
428.06,2,28
200.18,1,324
456.4,2,58
140.22000000000003,1,336
1508.7,6,139
63.419999999999995,1,210
2651.23,8,11
230.44,1,144
270.8,1,58
389.61,2,85
495.72,2,1
132.24,1,72
465.42,1,363
532.5,1,55
627.5400000000001,2,8
151.4,1,241
611.9000000000001,3,57
1164.6,3,27
1131.45,4,218
435.6,1,57
188.83,1,314
258.28000000000003,1,0
1482.6,4,63
795.47,3,17
310.3,1,71
417.05,2,13
1237.65,7,1
818.06,6,13
390.56,4,99
529.15,2,17
1220.9,3,146
566.11,1,52
917.4300000000001,3,142
434.75,2,13
107.0,1,79
1536.38,5,25
185.06,1,319
1868.64,4,6
668.97,3,22
106.67999999999999,1,312
199.45000000000002,1,126
2737.05,7,18
746.57,6,246
307.95,1,66
1709.83,4,14
176.07999999999998,1,277
222.95999999999998,1,266
3084.02,1,63
712.95,1,99
1066.03,4,44
336.59999999999997,2,14
217.23999999999998,1,289
466.33000000000004,1,79
654.09,3,1
171.25,1,296
2904.83,1,9
136.0,1,160
510.72,2,55
1788.84,4,79
951.51,4,15
841.3,4,52
704.75,3,39
1778.79,6,21
1376.05,5,22
3207.3,5,21
3576.29,5,55
17.65,1,245
3132.96,9,29
338.13,1,365
1032.88,2,30
508.20000000000005,1,218
3598.25,9,9
1210.72,5,65
1676.68,7,14
476.90000000000003,2,45
333.18,3,111
163.8,1,29
432.45,2,197
3103.26,7,30
1723.45,5,0
226.57999999999998,1,106
583.1999999999999,1,211
900.1800000000001,2,129
1518.35,5,21
375.81,1,42
148.95,1,112
25.2,1,200
592.61,2,10
2285.04,10,55
258.9,1,1
874.42,3,77
185.4,2,259
448.24,2,11
566.9,2,92
477.32,1,181
246.86,1,373
1509.5,2,32
266.63,2,111
1901.71,6,22
132.04,1,91
259.09,1,44
1491.4,3,24
621.65,2,212
132.8,1,259
3377.78,5,85
1380.9099999999999,3,31
2016.71,9,104
1702.1399999999999,5,11
145.12,1,217
721.28,1,37
3321.68,10,51
1326.04,3,77
1695.15,4,3
52.0,1,279
2050.1,9,28
731.36,1,44
111.99,3,259
233.35,1,45
435.05,2,13
151.45,1,262
730.7,4,37
129.75,1,91
1774.68,4,66
906.3,3,58
128.60000000000002,1,373
990.0,2,147
127.88,1,263
533.11,3,62
1524.3400000000001,2,137
3458.35,8,31
154.5,2,22
202.0,1,27
168.6,1,1
1013.58,1,79
571.76,1,252
1539.24,3,11
167.16,1,102
456.70000000000005,4,56
396.71,2,35
2005.3400000000001,8,18
812.74,4,67
391.95,1,71
249.5,1,6
715.09,2,62
70.74000000000001,2,98
368.27,1,305
27.5,1,302
30.599999999999998,1,121
96.0,1,281
127.45,2,28
802.58,3,25
388.44,3,135
2321.7999999999997,5,98
1476.3,7,6
1039.8500000000001,5,87
1620.07,3,154
2135.46,1,283
1117.27,3,16
679.02,2,17
1424.79,8,4
331.14,1,50
533.56,4,105
20.6,1,176
669.91,5,14
156.6,1,283
1278.5,3,4
3094.37,5,168
764.6,3,84
1393.42,3,69
1541.98,4,44
307.12,1,23
169.21,1,260
256.04,2,95
1494.6,7,15
610.62,3,50
1475.77,3,3
1353.31,3,233
249.58,1,27
491.82,2,27
283.44000000000005,2,135
2519.01,3,10
1850.82,10,14
586.1,3,55
159.92,3,67
2209.98,4,15
481.79,1,157
2304.18,3,137
1884.16,4,17
1467.48,4,34
293.35,1,367
1009.35,5,27
2485.89,7,4
680.85,2,244
1070.08,4,48
2271.35,5,14
90.96,1,185
208.3,2,16
263.75,3,13
1327.98,3,53
130.18,1,372
979.1999999999999,1,90
991.7900000000001,3,109
227.97,1,60
446.1,3,44
612.9,2,25
1771.0900000000001,10,37
234.38,1,365
186.66,1,226
778.42,3,3
1578.3,2,0
369.5,1,8
334.18,1,304
71.78999999999999,1,364
549.05,1,129
164.28,1,360
1058.1399999999999,4,23
266.66,2,59
152.45,1,143
358.15,1,162
199.13,1,46
1946.28,3,23
1100.88,5,11
1954.99,1,239
2621.76,9,23
71.14,1,6
348.59,1,205
1141.84,3,198
1000.91,6,28
1399.36,1,65
81.3,1,368
210.78,1,31
790.74,4,3
180.36,1,42
799.0,2,39
90.0,1,98
677.97,4,84
120.6,1,304
537.59,4,46
163.92,1,151
2212.89,6,9
1053.74,4,16
2830.2400000000002,10,8
798.85,3,106
135.0,1,142
659.48,3,202
732.91,4,14
192.05,1,218
721.45,3,53
383.15,2,24
34.8,1,69
174.05,1,283
2300.78,7,48
241.66,2,18
392.44,2,311
712.48,2,78
1947.5,7,29
636.57,4,57
869.64,3,24
76.23,1,253
931.43,1,309
1315.2,3,72
344.86,2,303
826.47,2,20
93.6,1,190
785.25,2,62
920.08,3,127
323.05,1,88
746.1800000000001,2,196
255.0,1,8
353.65,1,93
1607.06,4,21
71.15,3,288
631.17,3,76
412.92,2,296
513.08,3,18
1580.3,7,29
421.25,1,46
3203.74,7,53
191.86,2,155
144.29,1,55
703.11,3,31
1556.75,3,112
2289.76,6,14
1895.19,4,70
326.82,2,20
161.35,1,100
475.74,2,357
1008.3199999999999,2,60
951.76,5,29
2597.81,8,2
2037.02,4,69
387.18,5,28
802.09,5,16
177.19,1,216
101.1,2,41
308.59999999999997,1,10
994.6,7,15
1355.29,7,8
562.48,1,63
1120.45,2,80
1759.07,8,35
147.12,2,87
218.35,1,39
246.5,1,14
1880.98,5,50
739.2,2,32
753.53,8,98
111.72,1,281
254.55,1,175
531.49,2,52
757.72,4,123
2803.2,1,78
784.08,4,230
1198.22,2,20
482.85,2,197
840.25,1,83
1502.0,2,126
202.56,1,291
599.73,3,253
3138.04,1,72
830.63,2,0
234.88,1,207
261.76,1,7
2478.731,5,77
216.95000000000002,2,87
439.45,2,25
1290.03,4,15
149.41,1,191
1038.03,6,51
270.72,1,3
722.09,3,165
3634.36,3,98
330.77,2,196
2239.1,8,22
81.15,1,41
114.85,1,176
1923.32,6,9
240.38,1,137
1496.6,5,17
1076.2,2,58
556.87,4,16
3526.81,10,1
1222.04,5,18
114.98,1,94
433.75,4,64
2805.27,8,9
277.48,1,127
352.821,1,288
171.0,1,225
3374.2200000000003,6,81
104.7,1,308
470.72999999999996,1,32
229.75,1,206
9.700000000000001,1,332
2167.45,10,2
3582.62,2,52
1013.76,3,106
6.300000000000001,1,169
358.61,1,11
1386.1200000000001,5,49
1299.58,6,107
710.4,2,104
1385.01,3,98
135.0,1,365
1324.06,3,137
404.7,2,224
2083.16,8,10
1676.95,3,10
388.64,3,38
497.65000000000003,1,360
1274.3600000000001,7,4
3199.92,6,14
46.2,1,259
688.95,2,8
2543.55,6,14
245.48000000000002,1,204
447.44,3,69
382.31,3,154
270.15000000000003,3,161
307.55,1,29
327.38,1,365
137.35,1,7
2012.03,4,23
170.95,2,276
1122.4,2,21
769.78,2,37
223.39,2,216
60.959999999999994,1,325
75.6,1,25
703.22,1,233
375.5,1,270
449.14,3,4
775.11,2,46
1158.02,8,20
615.2,2,43
627.3100000000001,3,55
867.11,3,14
93.35000000000001,1,303
2133.31,11,6
110.03999999999999,1,74
206.60000000000002,1,22
68.25,1,254
60.48,1,359
2619.81,6,11
436.82,3,81
2916.97,5,238
160.65,1,55
843.17,2,99
225.15,2,3
1831.6499999999999,6,7
1550.63,5,62
126.49000000000001,1,253
281.02,1,139
295.2,1,179
1269.05,4,39
3533.77,5,86
1407.7,1,197
2304.69,4,24
14.850000000000001,1,153
337.66999999999996,1,316
328.95,2,112
107.01,1,20
1198.9,4,28
289.23,2,31
1950.4,5,62
797.8499999999999,6,9
730.37,2,94
563.1,1,128
328.13,1,41
2297.66,2,140
119.0,2,0
1384.88,1,30
148.71,1,97
77.83,1,171
877.7,1,50
354.85,1,105
1533.8899999999999,1,56
417.3,2,31
2376.1020000000003,9,20
434.5,3,29
123.39,1,282
875.99,5,226
87.8,1,204
1469.04,2,57
340.84000000000003,1,70
795.3199999999999,2,212
359.4,2,16
895.84,5,0
157.35,1,210
682.54,2,14
2177.88,8,3
285.6,2,86
308.14,2,81
120.32,1,212
105.5,1,196
854.61,2,31
2604.46,7,10
187.87,1,283
2136.72,8,52
627.82,2,51
2724.29,8,3
252.48000000000002,2,365
655.47,2,235
1516.65,4,42
3127.85,9,1
785.39,1,22
122.93,1,228
2019.73,8,4
933.0600000000001,7,6
365.82,1,21
389.49,1,253
301.26,1,231
276.75,1,158
2078.54,4,23
712.62,2,105
368.4,1,284
543.88,2,34
94.53,1,218
530.58,3,3
936.31,4,9
264.15,1,200
831.45,2,217
158.92,1,83
1586.54,3,20
1018.42,2,211
1696.21,7,31
2080.0,6,1
194.6,1,224
178.71,1,263
554.31,1,204
283.43,1,312
540.87,2,55
310.96000000000004,2,98
1128.72,3,225
645.19,4,14
544.47,1,134
208.79999999999998,1,37
1699.35,4,31
1901.25,5,13
566.9,2,11
76.32000000000001,1,3
1647.17,6,22
90.42,1,136
152.2,1,122
393.64,2,25
639.56,2,18
426.53000000000003,1,85
1556.54,3,233
1323.32,2,2
2193.56,2,63
355.5,1,10
282.76,1,311
1643.17,8,13
787.99,2,181
421.45000000000005,1,253
538.83,2,59
1012.63,4,39
623.0,2,7
519.8100000000001,1,46
42.4,2,55
165.45000000000002,1,35
2533.09,6,3
110.95,1,169
2622.481,1,241
542.49,4,63
1847.59,5,1
1882.3200000000002,10,66
629.4,1,200
2473.53,10,0
1665.25,3,90
134.0,1,91
1006.54,3,239
2092.74,7,3
1170.33,5,15
1527.1399999999999,5,17
1723.04,3,62
266.25,1,190
141.12,1,59
243.17,4,10
405.85,1,224
304.87,2,45
605.7,2,16
182.1,1,213
125.3,1,188
1277.49,1,35
1773.97,4,66
217.6,1,65
276.35,3,97
101.16,1,22
588.75,2,7
186.15,1,99
1155.0300000000002,5,63
1174.55,1,35
211.99,1,14
198.41000000000003,2,204
3155.2,6,30
921.5,5,21
278.77,2,58
185.8,1,233
233.53000000000003,1,365
824.28,3,106
1253.78,4,7
319.94,1,91
3345.02,5,35
411.74,2,3
555.87,2,105
2422.96,5,29
284.86,1,231
327.02,2,100
1322.04,2,154
1593.34,5,98
351.3,1,370
38.25,1,232
3207.41,4,129
151.5,1,276
500.24,1,268
310.26,1,324
326.55,1,319
461.16,3,238
177.69,1,49
836.3,4,23
2144.47,10,57
60.0,1,275
912.15,3,21
107.55000000000001,2,35
135.4,1,92
571.34,2,55
644.52,5,42
548.5,1,35
1820.41,6,10
143.94,1,50
1160.31,2,3
433.36,2,70
553.1800000000001,3,16
1574.3300000000002,5,17
1175.78,6,85
755.15,1,13
1722.09,3,55
105.8,1,184
272.96000000000004,1,298
192.45,1,56
2030.82,4,16
1039.55,2,42
1265.58,3,59
314.65999999999997,1,188
1108.82,1,10
924.5200000000001,5,22
356.95,2,307
514.22,3,29
975.5,1,70
77.52000000000001,3,7
496.5,2,193
128.2,1,304
30.1,1,254
594.62,2,256
321.59999999999997,1,112
632.28,1,252
854.55,3,59
1351.55,7,136
106.96000000000001,1,256
1212.13,7,0
575.1,1,93
3175.52,6,2
1607.34,4,114
1718.39,4,4
3488.16,9,7
647.28,3,52
1452.88,2,31
136.2,1,221
1540.2,7,41
1191.1,5,6
2956.56,5,140
162.25,1,360
255.59,2,256
62.7,1,41
126.0,1,65
243.9,2,174
433.71999999999997,1,245
197.70000000000002,1,296
138.84,1,44
424.3,1,357
2756.2400000000002,7,17
438.9,2,22
402.51,2,11
2464.27,9,9
176.34,1,171
400.2,1,133
113.35,1,16
640.13,2,16
786.25,2,17
2867.15,11,1
1015.74,3,46
1027.15,3,41
332.42,3,71
105.78000000000002,1,364
178.68,2,9
87.6,1,22
1057.89,5,53
2149.65,9,21
86.10000000000001,1,242
881.52,4,137
124.75,1,86
489.65000000000003,3,3
761.36,3,113
1217.45,4,14
252.68,1,37
1275.81,4,98
258.6,1,92
770.08,3,139
3159.46,10,7
489.86,2,30
1020.47,3,37
369.97,1,10
251.92999999999998,1,45
609.98,3,25
3537.6,7,21
3423.42,7,21
343.7,2,60
2749.13,11,14
260.7,3,154
660.27,2,218
340.48,1,111
331.35,1,46
181.05,1,41
130.6,1,231
225.45000000000002,2,8
136.31,1,97
178.48000000000002,1,149
323.29,2,148
721.06,2,232
1091.99,2,113
420.84,2,263
390.69,1,253
185.20000000000002,1,32
1179.45,3,71
2112.21,4,51
937.07,3,0
118.85999999999999,1,73
609.42,4,130
3285.96,10,24
131.53,1,176
24.4,1,66
382.14,2,90
1471.52,4,58
570.76,2,165
199.85,1,91
1354.76,7,4
2547.28,5,14
1030.41,6,97
152.76,1,207
970.12,2,162
1992.98,5,0
668.5,1,244
33.099999999999994,1,72
985.14,3,13
150.55,1,169
318.24,2,234
1676.57,3,315
145.99,2,186
2456.86,3,56
656.16,1,59
56.25,1,3
2233.8,4,35
160.5,1,221
516.0,2,91
569.22,2,17
468.88,2,256
1132.6200000000001,3,20
100.86,1,136
717.62,1,293
1893.93,3,46
911.12,1,24
3784.42,7,24
221.97,1,28
365.5,2,157
307.56,1,38
63.66,1,57
423.27,2,53
1929.22,11,6
161.0,1,81
2106.8,7,23
285.6,1,287
544.6,2,14
718.04,2,204
158.02,1,95
1747.01,5,7
1557.79,6,14
139.8,1,107
149.3,1,55
552.4,1,211
717.85,2,60
1230.03,6,18
690.3000000000001,6,4
221.69,1,308
976.99,2,74
357.66,2,39
770.34,1,76
310.70000000000005,1,357
112.57000000000001,1,111
880.96,2,50
214.6,2,52
1705.55,8,1
1680.47,1,186
819.61,4,13
330.0,1,80
126.35000000000001,1,20
572.3100000000001,1,253
2686.75,2,104
2034.31,5,60
1380.44,11,95
332.44,2,105
148.3,1,373
826.9399999999999,2,128
1754.24,3,91
863.5600000000001,3,13
630.77,1,50
419.87,3,302
150.32,1,175
1028.16,2,149
318.04,1,25
112.34,1,163
912.4300000000001,4,60
2553.06,8,28
543.5,5,88
1778.18,4,4
490.6,2,65
295.09000000000003,1,17
2646.18,10,24
346.21,2,15
1198.09,4,17
39.75,1,6
1228.13,4,91
289.5,2,162
1293.72,3,58
297.75,2,16
404.14,5,59
141.6,2,71
3777.2,5,49
638.81,2,65
1234.96,5,112
375.34,1,42
135.18,1,80
173.06,1,260
1449.1399999999999,2,44
295.13,1,21
456.40000000000003,2,56
917.28,1,66
819.87,4,11
1821.11,8,32
230.9,2,261
1656.26,4,147
336.8,1,22
195.0,1,42
141.85,1,45
506.67,5,22
2558.96,2,207
415.57,3,50
728.48,3,18
966.27,2,3
246.75,1,324
689.04,2,15
832.54,2,31
3078.4,6,29
652.7,5,56
678.11,2,7
1066.3,5,11
1177.72,6,14
494.85,1,59
639.76,2,86
234.22,2,6
159.94,1,24
120.0,1,371
321.78,1,128
427.74,1,3
1970.45,6,91
1439.72,4,53
140.14,1,195
986.22,4,17
554.67,2,165
357.72,1,195
760.19,4,97
430.69,1,237
137.7,1,36
490.47,1,44
368.75,1,49
1485.36,5,87
1028.66,4,182
422.2,3,2
536.61,4,84
523.6,3,50
190.35,1,130
481.88,2,119
395.33,1,193
279.91,2,4
82.2,1,230
757.13,2,98
1423.55,3,204
339.11,2,2
258.93,3,116
304.04,1,8
2186.71,3,73
681.65,2,37
638.2,3,79
360.0,1,183
490.08000000000004,1,233
558.72,1,67
620.37,2,34
629.36,1,72
469.19,2,97
65.34,1,20
105.99,1,267
986.08,3,252
313.91999999999996,4,134
505.8,2,3
1504.7,2,84
229.44,1,128
741.09,4,84
1158.18,2,317
320.25,1,168
142.78,1,70
3475.7200000000003,4,30
157.85999999999999,1,56
734.57,5,43
229.2,1,83
288.33,2,55
1939.02,7,109
310.75,1,63
789.6,2,69
1322.07,4,48
442.32,1,66
1375.65,6,11
352.91,3,302
334.45,1,268
3327.29,8,44
264.13,1,217
913.9,4,50
1361.28,4,21
2190.88,5,16
359.27,1,72
214.44,1,98
255.25,2,270
2878.46,5,16
1858.91,1,115
1687.49,4,28
2863.69,8,57
2542.79,7,60
3084.69,8,84
1555.83,4,62
81.6,1,37
577.8900000000001,4,146
335.7,1,73
1294.17,3,60
349.25,1,309
305.28000000000003,1,116
968.0,5,7
1352.62,3,48
847.76,3,16
297.95,2,8
1629.79,4,140
679.8,2,9
178.98000000000002,1,106
474.1,4,64
321.91,1,25
30.300000000000004,1,16
2057.01,6,9
2310.83,8,25
454.66,1,165
2581.2,3,161
227.87,2,27
2122.89,4,48
3512.62,6,65
225.55,1,226
2560.98,10,11
1563.34,6,57
596.67,1,277
415.79,1,39
3517.69,4,55
300.93,1,10
753.51,3,55
2660.0,3,52
467.25,3,81
953.9,3,18
107.62,1,298
620.85,4,7
588.05,3,98
1503.2400000000002,4,106
40.56,1,63
359.5,3,331
498.96000000000004,1,157
1323.47,5,8
1277.6,7,52
1103.64,3,98
808.65,3,20
811.1,3,7
903.87,6,109
650.16,2,200
208.0,1,310
606.21,2,111
173.95,3,182
414.69,4,66
241.89999999999998,1,261
574.23,4,48
422.85999999999996,2,116
2376.51,9,28
1412.85,2,146
439.33000000000004,1,17
2018.78,4,105
2124.46,4,72
692.24,2,20
810.08,7,71
931.12,2,81
2791.81,11,45
207.5,1,7
3628.87,11,14
123.5,1,108
321.95,2,43
3023.78,5,4
452.32,2,60
3101.66,8,18
631.34,5,8
149.75,1,71
658.02,5,190
249.70000000000002,2,67
251.04,1,44
275.4,3,99
934.19,3,83
2052.51,9,22
1240.25,2,245
217.39999999999998,1,30
434.6,3,197
188.4,1,57
2129.42,6,8
1078.0,4,17
211.8,1,4
271.28999999999996,2,284
596.1899999999999,2,161
550.84,1,31
160.39,1,370
982.27,4,46
392.38,2,213
1803.2,2,0
120.75,1,46
457.82,2,115
1279.55,3,65
396.91,1,170
695.54,3,4
229.46,3,226
747.85,2,113
1906.76,3,6
299.61,2,16
555.7,7,22
80.28,1,29
70.80000000000001,1,29
1591.24,2,109
231.34,1,30
798.3299999999999,3,86
261.0,2,52
2895.2000000000003,6,14
1393.56,4,129
1213.8,2,1
193.65,1,112
524.65,2,29
109.73,1,161
1433.33,3,37
2121.18,5,45
738.95,3,72
1227.54,4,14
3.75,1,140
3721.45,5,48
154.25,1,289
1935.48,8,4
202.82999999999998,2,52
1898.6100000000001,7,1
281.76,1,67
2179.65,5,55
743.0,6,69
508.47,2,60
850.86,2,185
291.13,1,98
155.55,1,1
437.53000000000003,4,241
1523.49,3,53
342.69,2,16
2753.41,7,9
185.72,1,78
1914.8,1,67
780.46,3,79
797.96,4,245
132.9,2,29
286.29,2,46
271.44,2,21
1774.16,4,44
1341.56,2,14
632.98,3,268
629.4,3,4
93.35000000000001,1,360
291.76,1,275
1026.0,3,15
1630.78,9,2
437.87,3,30
1931.03,4,67
933.77,3,100
1352.35,8,20
135.32999999999998,1,6
193.25,1,70
1160.4099999999999,2,259
244.31,1,252
239.55,1,80
1206.0,4,105
321.88000000000005,1,353
178.98000000000002,1,365
1237.23,1,18
2304.51,9,30
202.35000000000002,1,325
1128.09,8,1
2480.82,3,113
556.1899999999999,2,39
1139.1,3,227
136.01,1,38
881.59,3,77
975.63,5,0
1367.6,4,22
2015.17,7,91
360.85,1,228
437.4,1,62
344.90000000000003,1,41
1248.95,2,20
977.34,6,3
414.72,1,245
2577.54,5,65
180.06,2,226
1157.77,2,43
478.39,3,136
1795.22,3,39
764.57,2,125
679.4,2,69
226.42,1,45
330.79,1,108
1085.91,3,3
957.98,1,105
263.38,1,31
1136.89,3,38
171.15,1,102
1035.43,4,32
1588.57,6,10
900.77,3,11
469.40999999999997,3,0
376.20000000000005,3,22
718.51,1,196
150.5,1,147
519.45,1,92
194.7,2,272
45.6,1,266
466.98,1,49
113.25,1,79
286.71,1,186
547.6,2,8
913.11,6,23
2563.36,6,60
2408.96,6,2
419.38,2,17
549.28,3,147
349.5,1,79
277.94,2,42
322.4,1,233
326.74,1,15
1934.63,8,9
1275.43,4,81
1647.74,5,72
2206.9700000000003,6,32
3537.821,1,286
200.43,1,288
181.12,1,2
1858.04,4,15
1257.18,4,59
549.29,3,48
58.5,1,135
2346.19,4,79
3173.9,8,1
1079.1000000000001,2,241
1766.27,4,60
793.9300000000001,3,106
549.99,3,39
1378.1,7,2
437.58,2,8
437.16,1,291
2827.05,7,30
1909.31,6,58
102.0,1,162
702.9,2,23
2646.02,2,6
1139.28,2,122
1011.7,4,18
294.0,1,356
1912.65,3,13
566.13,2,0
184.34,1,52
268.27,1,79
89.5,1,37
593.23,2,109
736.28,1,6
733.71,3,14
206.09,2,318
179.4,1,32
308.2,1,31
927.61,5,78
236.06,2,98
189.0,1,67
613.6800000000001,2,216
561.25,2,185
153.24,1,137
442.73,1,34
797.9,3,29
3329.39,6,3
150.95,1,119
2.95,1,357
105.56,1,67
263.76,1,161
305.11,2,84
3358.34,5,10
1105.53,6,9
864.48,4,11
127.2,1,7
127.0,1,21
1973.94,4,268
3236.15,9,14
304.18,1,67
134.59,1,9
1468.26,6,52
1938.46,3,69
362.42,3,41
426.67,2,43
868.18,3,63
1920.71,2,65
540.23,3,97
1136.64,2,1
2508.4700000000003,7,29
282.79,2,14
1853.7,6,9
619.49,2,76
923.85,2,71
442.28999999999996,2,116
132.55,1,372
340.6,4,91
1672.05,7,38
313.05,2,18
98.7,1,3
620.62,4,14
514.54,3,29
209.48,1,186
890.8100000000001,3,20
942.75,7,27
1904.93,4,56
2585.2,7,4
655.5,3,289
196.65,2,181
840.0500000000001,3,0
412.08,1,56
365.1,1,254
333.81,1,11
148.22,2,323
372.51,2,10
389.78,1,283
2342.57,6,7
1950.98,1,161
477.98,3,34
515.78,1,49
462.75,1,14
37.5,1,294
203.05,1,197
526.97,3,7
860.08,2,78
351.0,1,263
307.54,1,363
226.70000000000002,1,49
139.95000000000002,1,121
232.27,1,25
705.45,4,43
1049.66,1,225
982.86,3,0
266.5,2,255
1780.34,4,165
2959.73,10,49
310.83,1,217
416.35,1,10
1338.17,3,21
314.74,1,37
335.54,1,52
1462.81,4,63
1078.22,4,14
270.92,1,150
1088.91,4,56
1654.08,11,14
579.85,1,70
374.7,2,84
788.88,4,11
2020.4,3,56
76.74000000000001,1,324
1042.75,7,22
180.45,1,372
261.9,2,36
568.8199999999999,2,92
313.49,1,260
884.64,6,25
492.1,1,67
1354.82,7,7
1015.42,5,183
1674.41,3,2
2617.9,5,149
110.69999999999999,1,88
2845.7,4,23
1025.1,2,22
2485.46,7,48
2275.7,10,2
426.85,1,219
756.51,3,0
1747.77,2,57
2799.08,8,14
446.76,3,46
250.35,1,18
317.11,1,73
689.11,2,28
303.7,2,15
2428.08,2,129
156.85000000000002,1,216
175.5,1,258
205.41000000000003,1,71
371.59,3,87
715.5,3,31
214.13,1,274
696.19,1,49
580.08,1,276
190.48000000000002,1,178
213.01,1,272
332.7,1,330
233.4,1,118
517.8,1,309
434.2,2,78
209.4,1,246
485.5,1,309
3147.36,4,72
1018.71,3,21
359.77,3,155
1192.2,1,39
281.51,2,149
282.05,1,260
2295.19,9,3
110.65,1,106
1002.29,3,105
2832.56,6,28
717.45,3,46
3027.58,9,22
713.11,2,105
231.33999999999997,1,154
690.48,1,297
956.68,5,17
287.38,2,297
1109.53,4,50
1994.47,3,43
530.47,1,46
210.58,2,25
429.44,6,274
751.5600000000001,2,24
3484.5299999999997,6,7
3391.52,8,63
30.15,1,234
551.11,4,35
438.65000000000003,1,231
471.14,2,8
839.73,3,49
443.16,2,49
687.3100000000001,2,66
276.88,2,77
1743.6,6,2
351.66,1,181
1503.77,9,10
318.06,1,265
2455.31,7,14
139.94,1,256
2854.73,4,15
1971.55,8,2
1369.2,7,2
247.84,2,16
987.48,4,57
2322.43,2,197
220.44,1,60
405.51,3,9
68.03,1,63
1003.8100000000001,3,212
382.66,2,32
129.85,1,105
588.5,3,113
167.27,1,338
874.5,2,188
2871.74,8,0
171.7,1,302
2776.19,8,29
433.77,1,277
607.43,2,123
1610.71,5,66
1014.48,3,4
913.9000000000001,3,7
746.56,4,36
145.01,1,15
225.6,1,28
980.7,3,29
1310.83,3,27
96.44,1,147
383.96999999999997,1,18
2076.32,7,9
53.65,1,65
366.4,1,48
127.2,1,197
2752.11,11,0
385.03000000000003,1,120
310.15,1,114
382.42,4,59
310.74,1,49
868.33,5,35
428.45,1,81
3070.38,4,41
731.91,2,69
190.95,1,253
376.92,1,56
153.0,1,225
251.71,2,165
1428.7,4,41
2252.04,6,41
1323.65,4,9
126.45,2,319
2599.52,5,30
760.1,1,108
315.98,1,45
1253.18,3,16
406.56,1,7
455.57,1,185
433.46000000000004,3,66
168.65,1,85
377.0,1,295
248.65,1,266
154.72,1,9
2059.67,6,99
961.9000000000001,3,113
2012.72,6,77
1355.24,6,9
347.54,1,364
2855.5099999999998,8,30
235.88,1,227
684.54,3,165
1621.03,10,18
1374.41,4,148
280.51,1,301
1460.92,8,2
298.9,1,269
526.96,1,48
651.51,4,106
1995.65,3,164
382.2,1,84
24.75,1,135
1993.34,1,36
2735.63,3,97
379.16,1,367
451.28999999999996,1,14
1712.1200000000001,3,18
2190.94,5,4
2417.7799999999997,7,13
403.6,3,22
1083.69,4,63
519.29,2,25
508.52,3,31
124.95,1,58
977.5600000000001,5,30
801.66,1,48
3723.5499999999997,3,58
81.12,1,107
965.2,2,14
1507.77,4,14
211.79999999999998,1,71
3424.02,3,34
89.65,1,66
906.15,6,14
1736.57,7,3
106.81,1,44
933.84,2,34
1162.03,5,7
307.1,1,319
115.58,1,46
1449.6200000000001,7,35
235.25,1,23
207.85,2,368
346.97,2,74
111.71,1,181
1616.48,5,29
1892.52,7,116
318.29,2,92
157.63,1,25
1461.63,6,15
3768.08,8,7
233.25,2,87
1264.05,4,79
1319.6399999999999,3,112
297.0,2,163
1361.23,6,2
551.46,2,115
1593.83,3,216
319.75,1,16
288.1,2,203
182.64000000000001,1,188
1646.6399999999999,4,170
2869.16,7,143
223.91000000000003,1,262
1160.84,4,0
703.25,1,156
550.42,2,87
536.28,1,73
1385.38,2,16
1059.41,3,21
312.65,1,367
1289.64,3,185
815.79,1,281
404.3,1,97
946.83,7,11
2278.77,3,20
107.33,1,371
506.75,2,107
293.79,1,175
176.1,1,310
590.78,1,126
1541.19,2,30
352.8,1,77
458.25,3,52
1010.73,4,219
1092.06,7,30
938.02,4,55
465.53000000000003,2,231
36.13,1,198
141.70000000000002,1,64
102.0,1,56
495.98,2,67
1377.23,9,62
423.93,3,112
1115.23,2,27
71.4,1,261
323.40000000000003,1,336
316.48,1,163
1199.31,4,63
256.85,2,140
1928.1299999999999,3,77
255.42000000000002,2,1
301.25,2,16
415.31,1,186
350.52,1,10
72.0,1,71
1641.3,10,122
651.13,1,163
385.23,3,11
341.59,2,228
117.05000000000001,1,261
1320.66,5,27
2062.2000000000003,4,1
2224.46,5,94
516.28,1,38
135.16,2,276
348.75,2,280
1493.1200000000001,8,3
518.14,1,336
1186.4,4,10
213.08,1,16
868.96,3,181
168.69000000000003,1,85
966.6600000000001,1,366
1082.71,7,3
940.86,3,30
2046.29,2,56
302.65000000000003,1,32
954.59,4,128
277.91,3,111
353.19,1,7
986.63,4,175
1653.28,4,1
2761.2200000000003,6,102
139.2,2,70
587.69,2,23
1615.39,5,16
276.5,1,13
474.72,3,1
250.85,1,65
145.06,1,361
269.37,1,307
488.24,2,11
144.9,1,51
75.0,1,31
871.14,4,18
787.2,1,43
344.61,2,18
62.4,1,67
330.12,2,9
323.25,1,358
950.61,6,0
960.23,3,80
1669.93,9,16
2215.78,5,104
1388.47,7,92
2619.65,7,30
2348.16,8,107
748.46,2,7
369.98,2,83
1747.18,7,32
1525.5,10,3
222.4,1,18
890.94,2,88
1319.67,2,18
1772.07,8,9
121.7,2,20
1225.8700000000001,6,24
975.5600000000001,2,0
260.45,1,66
1213.05,2,246
289.86,3,252
2179.2200000000003,6,11
1160.11,3,18
445.15,2,200
1348.33,3,32
363.40000000000003,2,128
75.3,1,162
156.09,1,4
1137.42,5,9
1353.79,2,48
1203.77,4,22
218.45999999999998,2,63
124.75,1,289
256.7,2,156
645.16,3,62
115.35,1,30
2782.02,9,1
540.15,1,53
52.05,1,112
896.77,3,15
231.57,1,50
40.0,1,283
473.0,1,41
188.4,1,115
135.39,1,213
429.0,1,36
920.81,2,28
304.38,1,213
1248.48,1,265
236.07,1,168
156.6,1,261
402.5,2,39
1254.94,9,15
1130.2,3,11
178.83,2,53
2785.1,8,1
833.53,1,63
3238.85,10,63
75.76,3,0
279.8,1,269
708.1,1,164
1296.46,5,38
1744.61,5,35
340.5,1,223
437.0,2,53
256.55,1,14
156.87,1,254
835.34,3,231
1058.19,4,16
3120.91,4,147
468.65,1,127
274.8,1,79
254.13,1,24
259.17,1,28
346.9,1,44
296.1,1,53
454.54,3,359
1223.89,2,262
167.1,1,323
162.45,1,273
195.0,1,21
3423.33,6,4
80.4,1,372
208.97,1,7
1081.41,3,48
2202.4700000000003,10,0
845.1,3,84
566.89,2,127
1168.26,5,8
3086.52,9,32
1591.73,3,154
2354.27,7,29
2572.38,9,25
377.71,3,43
35.400000000000006,1,7
221.82999999999998,1,143
1216.66,2,31
329.48,3,1
288.79,1,231
167.62,1,147
639.93,3,182
124.25,1,199
166.51,1,15
1890.0,7,114
713.03,2,182
512.61,3,93
474.54,2,25
1437.43,2,210
152.39999999999998,1,301
1542.09,4,122
222.65,3,36
338.76,2,17
1488.68,4,148
403.95,3,11
111.53,1,107
230.1,1,210
175.85,2,34
610.74,2,21
738.57,5,8
560.55,2,2
380.52,1,48
2401.07,7,1
1146.33,4,72
136.35000000000002,1,120
603.37,2,253
518.63,2,156
1370.34,5,57
350.35,1,66
330.23,4,91
2622.77,10,14
935.62,2,177
725.15,2,72
293.18,2,51
617.6,2,186
487.34999999999997,1,255
195.55,1,309
493.25,2,9
359.69,1,16
817.46,2,64
90.65,1,94
534.99,2,169
314.59,1,35
172.98,1,43
254.0,1,237
1572.99,2,22
167.4,1,254
556.12,1,177
359.1,2,190
192.02,1,79
435.83,2,63
816.9300000000001,3,2
611.5500000000001,2,15
1392.43,3,65
957.17,4,77
1292.52,3,37
502.52,1,28
1597.76,4,58
228.3,1,371
210.5,1,77
131.83,1,221
344.75,1,318
31.85,1,155
782.61,2,38
3105.1,7,18
198.6,2,304
1102.3500000000001,2,9
501.21,2,55
530.5,2,41
348.84,2,1
488.32,1,80
227.51,1,116
506.63,2,79
2581.6,4,71
247.5,1,300
246.22,1,294
170.5,1,22
653.3100000000001,2,93
392.6,2,290
706.39,2,18
665.34,2,11
295.85,1,52
310.83,1,198
2806.0,5,15
394.14,2,73
1921.48,6,25
1316.46,9,14
1898.49,7,177
134.44,1,177
204.25,1,28
126.03,1,181
620.96,2,245
646.44,2,21
995.29,4,7
383.07,1,0
536.41,1,108
420.54,1,28
847.78,5,25
1655.64,5,38
1635.64,5,16
241.45,1,163
835.33,3,7
394.45,3,3
380.0,1,38
1079.4,4,4
462.18,3,22
289.7,1,134
241.68,2,24
758.67,2,94
749.0600000000001,3,36
516.8,1,210
662.2,3,244
907.17,4,32
51.839999999999996,1,28
239.87,2,15
418.08,2,46
1034.33,1,164
1217.6,4,11
322.64,2,77
979.8000000000001,3,70
94.8,1,133
175.5,2,146
3486.61,9,22
356.71,4,22
2335.4,8,1
388.83,3,6
1810.82,5,77
481.32,3,366
2887.4100000000003,8,63
3681.03,9,81
171.71,1,30
540.52,1,93
345.71,1,45
485.98,2,66
400.06,2,24
239.45999999999998,1,23
2119.77,9,48
843.74,2,28
1061.69,2,175
1065.12,1,254
116.1,1,176
248.8,1,265
1362.75,2,39
473.49,2,21
340.86,2,63
509.5,8,93
626.22,2,1
240.3,1,39
2475.32,7,17
337.71000000000004,4,162
1137.31,8,32
324.08,3,174
609.5600000000001,2,186
2651.45,9,51
1567.76,6,0
1398.81,3,10
54.09,2,255
1574.5,2,36
90.0,1,55
2169.25,8,8
1397.69,6,55
255.45,1,25
129.22,1,247
546.0,4,52
234.65,1,21
192.73,2,71
169.79999999999998,2,8
161.6,1,358
2600.33,11,7
754.33,4,53
2528.9,4,25
2557.35,2,58
312.68,1,65
563.08,2,17
1185.46,2,43
240.68,1,67
148.33,3,25
197.84,1,18
252.59,1,357
295.05,1,279
2753.85,7,46
164.18,1,183
289.87,1,219
1240.6100000000001,4,137
236.81,1,30
2225.94,4,21
293.09999999999997,2,123
460.71,1,123
237.42,1,298
241.56,2,35
612.84,4,7
2074.07,2,135
411.0,1,53
2104.66,3,60
948.19,5,18
2004.6200000000001,5,21
1262.05,3,37
3419.27,5,42
222.21,1,10
924.11,2,52
1189.3799999999999,6,30
1833.37,7,27
179.6,1,186
396.26,1,44
381.8,1,23
162.07,1,204
498.15000000000003,2,214
76.32000000000001,1,315
2174.07,4,83
164.45000000000002,1,72
628.21,4,67
460.20000000000005,1,66
781.59,3,238
535.1,3,16
172.38,1,49
754.87,1,6
161.13,1,150
666.6500000000001,3,17
3271.4900000000002,10,31
640.0,3,8
509.04,1,67
1312.3700000000001,2,260
372.22,3,21
485.6,4,8
339.34,1,32
1570.68,5,210
2242.81,6,38
124.08000000000001,2,98
2136.2400000000002,6,63
1313.67,4,261
773.6700000000001,2,58
3788.21,8,0
1572.78,10,8
458.26,3,230
1192.94,6,27
300.31,1,142
640.76,5,162
1778.97,5,4
351.9,1,189
767.91,3,134
293.5,1,58
130.95,1,36
1429.03,7,1
2609.16,9,11
883.73,3,133
1579.97,4,24
2147.73,7,9
176.5,1,27
535.65,5,29
249.65,2,71
3265.45,10,3
448.1,2,49
266.78000000000003,1,10
1285.97,5,3
1246.43,2,111
266.4,1,67
1856.6200000000001,6,44
214.70999999999998,1,213
1411.91,7,1
641.36,3,116
120.05,1,184
882.62,3,34
291.5,1,261
966.03,3,28
71.95,1,196
148.5,2,147
532.25,2,30
160.75,1,225
2744.42,9,59
2090.26,10,8
1205.44,5,30
426.9,6,24
2664.69,10,2
1311.64,9,1
656.83,5,8
605.9,2,35
1234.88,2,203
122.39999999999999,1,126
317.76,1,43
205.17,1,137
97.05000000000001,1,69
465.84000000000003,2,35
641.4,2,23
256.95,1,134
447.53000000000003,1,357
868.36,5,1
35.7,1,127
1626.08,2,43
1570.81,5,35
465.70000000000005,2,72
500.25,2,105
163.65,1,44
603.9,2,176
888.91,3,158
3096.14,11,17
1703.07,4,62
1450.5,2,107
189.47,1,13
2242.19,7,13
3695.91,10,14
303.63,1,241
1654.63,8,25
136.35999999999999,1,268
913.46,4,93
1033.8,2,17
1818.71,5,15
112.03,1,371
885.83,5,49
199.08,1,52
982.94,4,42
136.65,1,72
327.6,1,333
2740.92,11,3
1408.96,2,52
1563.54,9,14
140.55,1,227
1109.4,1,203
661.39,3,69
2941.14,7,22
111.25,1,2
385.56,1,175
98.30000000000001,1,358
522.67,2,22
906.23,1,338
405.0,1,272
837.0600000000001,2,78
215.22,1,88
2297.78,5,31
370.47,1,169
597.33,3,10
433.73,4,3
1466.31,1,267
228.85999999999999,2,29
487.5,4,32
200.63,1,258
714.88,2,155
295.19,1,78
181.39,1,321
3015.2000000000003,5,49
341.18,3,0
593.89,3,8
2047.14,6,41
304.95,1,16
1771.04,6,55
2343.2,7,8
50.48,1,227
1464.73,5,226
678.77,4,78
1460.95,7,57
1428.28,2,48
2960.73,7,9
293.53,1,291
373.16,2,24
432.68,1,55
2841.07,5,91
1615.82,7,14
226.04,2,21
1527.25,3,58
2907.65,6,6
1503.65,4,66
399.3,2,29
561.49,1,57
620.06,2,112
2100.09,6,71
1548.08,4,46
2026.28,6,9
436.55,2,206
210.39,1,371
35.28,1,227
1617.32,2,10
256.6,1,321
257.06,1,10
1302.51,2,74
115.77,1,14
85.6,1,31
2618.02,7,24
128.07999999999998,1,246
1271.1499999999999,7,2
604.71,3,32
2010.1699999999998,11,4
1241.7,4,43
882.47,2,36
1921.91,7,65
3600.67,5,15
370.05,2,102
518.77,3,0
1758.52,6,133
167.13,1,77
1499.39,7,70
503.64,2,36
230.06,2,149
494.25,2,56
157.8,1,322
262.4,1,36
233.21,2,69
2310.38,6,135
651.41,2,72
221.53,1,372
731.25,3,66
209.41,1,367
737.0500000000001,3,7
389.12,1,50
1002.35,4,45
29.1,1,304
476.88,1,231
791.96,3,1
221.24,1,43
447.05,1,91
664.09,4,4
242.13,1,186
93.3,1,123
1220.83,3,217
664.32,2,144
2559.45,3,64
633.99,3,37
270.08,2,23
2926.33,7,46
1563.03,4,25
1379.52,7,29
868.1999999999999,5,15
917.6999999999999,1,263
1825.56,5,6
170.88,2,126
650.99,2,227
305.28000000000003,1,178
139.1,2,358
2819.53,6,55
673.6,2,37
1818.79,2,114
1017.81,1,28
1144.26,3,50
289.6,1,100
2400.05,7,14
2280.48,6,32
2240.9,4,85
206.07999999999998,1,55
285.9,2,45
114.95,1,183
3591.51,5,0
643.0,1,22
219.39999999999998,1,258
721.65,4,99
1164.59,4,63
979.03,2,200
1372.17,4,16
125.74000000000001,2,150
736.27,5,11
327.68,1,56
316.46,1,1
678.2,1,162
115.31,1,199
724.73,3,70
651.8,2,39
1544.79,2,121
541.06,1,210
2774.0,7,186
2136.02,7,28
1182.39,3,28
1513.84,3,80
2411.7,2,56
644.08,2,191
116.6,1,55
2487.99,6,18
502.45,1,80
236.11,1,52
2644.01,6,44
443.24,3,9
2075.31,5,8
1596.98,6,14
639.24,3,15
734.91,1,235
91.67999999999999,1,60
253.88,1,253
342.4,1,296
429.0,4,86
618.96,2,197
175.25,1,214
1273.47,2,41
1702.98,6,20
107.24,1,42
2247.52,4,81
901.68,1,56
884.59,3,105
1274.02,6,29
48.349999999999994,1,303
1623.65,7,0
381.09000000000003,1,29
282.68,2,239
111.0,1,360
1535.37,3,127
625.2,2,27
508.0,2,18
615.27,2,51
155.8,2,213
1333.57,11,1
1974.69,7,119
748.73,2,28
2286.89,8,0
176.9,1,18
1056.42,4,60
320.08,1,4
621.25,6,20
1234.48,4,163
596.28,3,16
329.22,1,237
598.52,3,11
177.92,1,18
960.69,3,25
212.1,1,77
299.53,1,36
3015.55,9,80
694.72,4,24
660.0,3,71
1526.88,3,29
567.5600000000001,2,93
3680.16,7,15
2445.79,5,15
604.4,2,104
823.4,2,155
310.55,2,45
143.19,1,185
1019.44,2,8
664.001,1,314
426.69,1,281
65.05,1,189
83.7,1,170
1157.3,4,39
107.86,1,11
204.10000000000002,3,11
2077.51,3,0
106.75,1,305
964.21,1,83
1944.57,4,35
97.39999999999999,9,56
281.05,1,312
627.96,3,13
1585.5,5,156
316.1,1,23
467.89,2,43
2052.69,4,56
228.96,1,234
287.25,2,25
471.84000000000003,1,28
1219.49,5,81
1297.45,6,29
1899.1200000000001,8,29
816.6,3,118
2129.45,6,30
583.54,3,184
1279.5,4,22
1111.15,4,71
590.0,1,1
382.81,1,109
553.85,1,59
1320.95,4,57
167.35,1,228
3035.54,6,80
410.42,2,41
275.45,1,126
223.85999999999999,1,111
250.44,2,39
190.47000000000003,2,37
1478.7,5,13
236.56,2,189
588.22,4,50
128.7,1,206
1011.5699999999999,3,147
754.38,2,157
2273.95,8,2
160.55,1,363
158.57,1,158
342.36,1,358
1674.98,3,42
648.45,2,170
328.77,1,65
1034.32,4,79
896.0,1,219
3383.09,4,80
308.0,1,365
3085.52,11,0
463.43,1,171
172.8,1,20
1263.7,5,81
1247.02,4,50
1363.54,4,85
1398.76,3,252
1481.03,6,0
219.87,1,276
369.34000000000003,3,14
266.93,1,252
390.05,1,45
2165.76,4,228
1743.3700000000001,9,63
385.40000000000003,2,20
613.08,2,83
310.14,1,311
507.14,1,37
216.39999999999998,1,181
405.0,1,246
546.34,2,20
612.65,2,64
818.22,3,151
579.6,1,312
1236.33,4,22
707.79,2,36
520.58,3,53
321.49,3,86
216.3,1,128
271.05,2,160
1480.8600000000001,2,13
227.06,2,144
140.75,1,227
1633.94,6,6
659.16,6,31
334.62,1,41
1450.02,4,11
1864.8,2,17
2485.57,4,52
1729.43,6,4
373.17,1,164
436.71,1,366
868.76,3,32
1445.47,4,86
1362.63,3,56
955.8000000000001,3,8
224.81,1,263
1439.72,7,30
95.29,1,8
307.34,1,62
299.86,1,174
520.03,3,2
609.84,2,18
607.0,2,43
978.4399999999999,5,29
205.8,1,28
159.21,1,293
133.45,1,155
2567.64,4,27
325.24,1,238
713.0,2,129
335.22,1,74
1653.3,2,32
57.8,1,10
363.38,1,74
2040.07,3,24
118.95,1,85
824.19,4,30
104.10000000000001,1,98
401.15,2,30
1127.45,2,184
717.57,1,72
162.8,2,18
768.25,4,189
724.89,1,266
1289.44,3,16
846.55,2,21
3240.14,6,73
162.24,1,155
231.68,1,297
422.63,2,27
1400.1299999999999,5,28
223.98,1,35
336.03999999999996,2,283
3264.23,7,52
2396.23,5,53
850.34,2,58
398.36,1,240
935.44,4,4
190.57,1,53
169.0,1,50
2181.71,4,27
2543.19,6,6
3128.54,6,2
205.35999999999999,1,291
321.65000000000003,1,109
1025.09,4,28
295.73,1,74
3386.33,4,18
2746.91,5,25
816.85,2,17
3026.89,10,20
2430.29,6,22
1013.13,6,45
456.90000000000003,6,11
568.64,2,65
325.74,1,290
1704.29,5,92
832.4200000000001,2,6
304.25,2,126
152.35,2,44
106.80000000000001,1,42
283.73,2,296
1512.56,3,13
197.31,1,29
3202.69,5,23
100.2,1,58
487.03000000000003,2,45
919.57,3,162
2605.62,2,69
664.8100000000001,4,0
385.46000000000004,4,16
2393.5,4,13
183.37,2,10
711.18,1,111
1669.52,4,196
534.62,3,259
1160.06,4,18
932.93,4,58
1248.09,4,65
187.51999999999998,1,114
1082.6,4,22
541.95,3,35
1772.59,6,28
467.5,3,171
355.45,1,46
170.4,1,178
149.7,2,156
671.34,2,8
1466.56,3,149
765.36,1,22
142.7,2,15
741.85,2,213
409.17,2,15
569.9,3,24
163.77,1,367
1069.23,3,31
394.37,1,63
2658.65,3,1
226.9,1,139
416.6,2,30
2322.59,6,209
2143.84,3,14
458.45,1,63
169.8,1,274
2359.16,11,34
277.4,1,275
603.0500000000001,2,259
1269.0900000000001,4,31
610.6,1,70
722.4499999999999,2,18
902.35,1,9
2809.14,10,9
3038.85,5,36
667.08,2,22
107.75,1,41
710.98,2,157
1272.8,2,87
291.38,1,324
221.16,1,73
106.47999999999999,1,11
124.45,1,55
33.0,1,246
691.6,2,253
488.21000000000004,1,202
263.5,1,266
3400.33,7,70
611.08,1,207
143.70000000000002,1,367
46.5,1,182
347.4,2,155
1160.41,4,150
594.21,3,133
706.27,2,69
51.410000000000004,1,11
1134.98,6,11
634.68,2,112
423.85,2,88
976.8100000000001,4,70
1796.68,7,17
739.1,3,29
1445.69,1,29
727.85,2,10
1154.41,4,45
376.70000000000005,4,154
104.5,1,254
1953.95,5,36
2598.62,10,60
2466.53,6,53
230.4,1,290
1180.68,4,4
645.59,3,20
1226.09,4,55
337.3,2,21
1007.74,3,18
635.9,1,277
1295.25,7,58
374.64,2,25
326.06,1,50
234.66,3,258
896.06,7,58
2101.64,5,32
190.58,1,48
449.81,1,14
244.08,1,7
3152.54,10,9
1116.72,2,1
491.02,3,29
161.94,1,183
321.45,1,247
996.61,3,111
183.56,1,9
3608.54,5,3
1265.1299999999999,4,72
1314.66,3,11
1188.33,3,66
233.25,1,24
600.34,2,112
232.96,2,46
848.3299999999999,2,102
162.72,1,244
1522.27,5,14
1831.88,5,31
373.02,1,46
2970.14,9,0
611.6,3,284
508.91,2,30
722.5600000000001,1,77
608.86,2,76
2873.77,3,105
646.27,4,0
205.83,1,44
36.25,1,331
1058.0800000000002,4,13
560.07,3,109
450.15999999999997,1,104
190.47,1,367
402.85,8,45
723.85,2,121
356.8,1,31
2082.7,8,8
186.05,1,288
360.0,2,115
1248.42,1,29
1190.3700000000001,3,15
261.06,1,24
314.7,1,164
1211.57,3,263
150.68,1,372
384.9,4,98
963.59,2,15
926.12,3,58
661.5,2,195
660.28,3,48
495.4,4,28
845.01,2,13
249.88,2,67
835.46,2,49
81.36,1,64
1570.16,3,7
758.97,4,23
516.13,2,225
608.4000000000001,3,27
114.10000000000001,1,281
2270.86,8,9
271.44,2,80
767.47,5,15
1041.21,1,56
202.85,1,17
1407.61,6,64
439.46,1,370
1982.45,6,3
150.0,1,234
302.37,1,287
420.25,2,191
320.95,1,213
280.88,1,53
913.62,2,23
1525.5800000000002,6,9
2318.41,4,13
2085.61,2,58
143.10000000000002,1,86
2919.44,6,86
526.27,3,11
433.3,3,63
116.18,1,170
970.25,7,80
496.15999999999997,4,196
836.88,7,70
704.4,1,288
420.04,1,172
3141.4,10,0
1121.24,2,65
1072.97,6,39
1194.92,3,64
462.15,1,23
593.5,4,41
992.41,4,66
689.75,4,113
422.7,1,315
2057.77,5,14
918.45,3,147
158.09,1,230
832.8,2,62
95.45,1,161
1310.99,3,64
317.76,3,43
2276.4900000000002,7,14
1332.28,5,1
536.77,1,51
20.4,1,370
1779.42,2,143
3269.79,4,48
1372.72,4,80
120.0,1,331
194.95,1,29
556.1,2,72
479.91999999999996,2,231
612.76,2,55
2712.85,8,44
1678.86,10,32
607.98,3,3
2037.7,6,67
1415.45,2,150
1084.68,4,9
109.80000000000001,1,65
616.03,2,65
1378.16,5,1
124.25,1,199
237.98000000000002,1,20
741.11,5,25
2358.02,5,17
579.17,4,9
246.5,2,97
387.85,2,6
457.7,1,52
462.09999999999997,1,13
1025.18,4,1
1839.1399999999999,3,28
55.980000000000004,1,85
258.75,1,0
1819.42,3,44
546.25,2,62
1369.8600000000001,7,65
787.89,3,10
191.74,1,367
538.4,1,27
585.27,2,149
410.97,2,88
902.28,4,73
1100.21,4,35
262.4,1,24
889.44,1,77
555.6600000000001,1,156
236.2,1,175
2312.53,5,99
431.98,1,360
212.8,1,38
1546.07,2,11
1079.5,5,15
114.52,1,18
1468.8000000000002,5,72
234.0,1,307
591.96,1,28
987.95,3,9
2113.16,8,29
2704.63,11,1
109.2,1,204
3686.61,3,91
339.88,1,171
337.04,2,15
220.46,1,77
317.08,2,23
333.82,1,25
2201.91,3,48
1628.83,7,23
306.0,1,213
553.75,1,38
329.34,3,303
848.71,3,189
2398.93,6,2
2560.0,3,41
231.90000000000003,1,370
79.9,1,140
1948.15,4,72
537.46,1,20
529.75,3,25
1182.3799999999999,4,147
110.7,1,22
323.39,1,366
1072.0,4,4
785.37,4,57
3003.9100000000003,11,2
395.5,1,280
460.08,2,49
1895.0,1,91
604.37,4,4
147.78,1,135
1531.9,7,16
307.3,1,294
2011.82,9,9
187.8,1,224
2023.91,4,35
305.9,2,65
728.84,1,219
475.05,2,56
982.59,3,165
171.15,1,67
1662.45,7,49
271.75,2,107
449.0,3,123
1396.05,3,42
357.15,1,58
805.9200000000001,4,58
352.15000000000003,1,121
1040.85,4,30
147.66,1,44
424.26,1,66
305.5,1,368
165.0,1,364
10.95,1,9
552.35,2,51
309.09000000000003,1,49
384.16,1,360
323.8,1,197
2029.34,6,66
830.16,4,37
799.13,4,85
2766.4,3,55
426.24,1,198
1815.72,2,70
2227.59,3,67
686.76,2,256
424.03,1,370
312.9,1,366
844.87,4,80
445.0,2,233
50.3,1,64
2265.2,6,13
95.15,1,148
409.98,1,16
1301.6,4,45
168.73,1,45
570.66,3,179
120.95,1,46
59.900000000000006,2,179
981.7299999999999,3,36
413.82,3,319
1161.2,4,48
1047.0,1,234
1171.89,5,2
961.1,3,84
548.8,2,28
250.26,1,256
1750.3999999999999,3,63
1575.26,1,181
750.5600000000001,3,162
465.15,2,17
762.74,4,3
1920.83,6,15
349.4,1,56
1698.77,2,29
1810.27,5,91
1572.8600000000001,5,71
1191.53,3,182
120.06,1,361
61.28,1,64
469.78,2,8
1051.71,3,13
1915.36,7,71
942.37,4,275
573.23,3,195
58.5,1,238
592.24,2,98
1304.79,4,72
1978.68,10,65
800.67,4,107
854.54,4,27
203.42,1,14
1.55,1,246
296.36,1,113
856.85,2,23
842.4,2,282
132.8,1,58
105.80000000000001,1,43
244.44000000000003,1,16
340.33,1,57
1696.64,5,3
2229.96,9,3
960.68,3,44
1012.22,2,27
198.29,1,36
260.85,2,35
1307.4,3,183
92.6,1,35
533.78,1,44
453.38,1,317
2766.73,7,10
1965.52,5,20
188.46,1,13
1385.6299999999999,7,20
1212.21,4,146
1589.17,5,14
2726.93,2,171
1193.81,2,219
345.25,1,225
1668.4,1,14
131.25,1,256
92.30000000000001,1,185
1584.1200000000001,4,44
388.55,1,260
741.5,4,15
391.72,1,56
552.39,2,34
594.0,1,279
1504.93,3,126
488.5,2,50
34.0,1,367
1865.73,3,9
606.4100000000001,2,74
774.4499999999999,2,64
885.79,3,36
214.79999999999998,1,372
731.2,5,232
538.4,2,44
3046.7400000000002,6,51
125.65,1,175
679.45,2,308
3033.88,9,34
565.5,1,36
948.93,1,60
200.82,2,64
132.65,1,16
383.33,1,25
551.42,2,39
405.1,1,219
1416.96,5,49
571.0,5,9
400.3,1,37
327.0,1,60
637.75,2,163
1272.8,2,43
402.97999999999996,1,269
2244.29,10,1
517.7,1,364
474.03,1,58
1403.75,4,102
295.83,1,84
181.65,1,371
680.83,5,3
139.32,1,259
1293.72,3,65
1397.08,1,76
1316.56,8,11
515.1899999999999,2,212
139.85,2,238
1162.0,4,1
708.77,3,72
1285.04,5,11
457.96000000000004,4,115
321.24,1,22
2118.7000000000003,6,81
1899.08,7,1
818.29,1,267
384.5,1,83
228.0,1,65
393.05,2,44
235.87,1,16
2515.45,11,4
2018.6999999999998,6,1
193.15,2,196
533.41,3,23
389.18,1,44
350.85,1,74
1077.82,4,78
568.92,2,62
350.99,1,16
204.26,1,364
746.89,3,27
614.34,2,197
209.4,2,212
42.0,1,44
414.7,1,36
913.47,6,10
227.47000000000003,2,37
742.36,2,105
678.6,1,73
1387.4499999999998,7,0
913.62,2,43
411.68,1,66
467.78999999999996,2,304
447.05,2,366
910.35,3,13
1563.42,5,39
146.14000000000001,1,266
3358.3999999999996,6,172
736.9300000000001,2,137
2095.0,5,37
179.4,1,48
1061.84,2,66
620.73,1,25
31.929999999999996,1,360
292.21,1,226
127.08,1,7
285.29999999999995,1,365
122.45,1,237
261.7,1,361
604.3299999999999,2,78
406.68,2,80
115.66,1,30
336.5,1,276
687.39,2,10
773.26,2,106
714.51,3,171
692.3,1,50
759.3,2,25
746.24,2,55
562.98,1,290
310.43,1,360
489.59999999999997,2,2
30.0,1,64
541.24,3,7
582.17,1,168
963.09,4,32
184.91,1,227
1035.09,4,27
307.95,1,358
312.62,2,21
872.51,2,35
1596.71,5,7
262.64,4,183
2139.0,6,72
1069.42,5,0
1056.63,1,7
400.8,2,282
2919.84,9,20
2146.38,7,52
1262.52,3,238
1276.3700000000001,6,83
228.62,1,15
110.95,1,272
153.12,1,85
496.0,4,30
181.15,1,230
2579.04,6,128
560.71,2,112
1325.0,1,56
1718.2,2,16
1285.3300000000002,5,35
305.42,2,247
1111.55,3,72
3502.48,2,52
115.08000000000001,1,210
309.5,1,17
2265.06,2,144
1373.2,3,18
1419.4,8,36
443.05,3,9
2295.71,4,17
795.98,2,65
365.31,1,367
147.35,1,39
2234.86,8,31
159.21,1,216
719.82,2,72
130.32,1,369
645.6,2,43
635.89,4,39
1518.81,5,76
888.9,4,11
658.3199999999999,4,136
3171.54,10,9
